i1,i2,i3,i4,corr1_anchor,corr1_2,corr1_3,corr2_anchor,corr2_2,corr2_3,n1,n2,n3,n4,target
-0.6952829202455686,-2.0399841062404955,-0.24954880419354275,-0.05943528360878614,0.1549546720308489,-0.9413640148326006,-0.4889776320176951,1.1825307417526572,-0.3239847754964302,-0.2040695150484347,-0.4519509798535085,-0.6658777111204364,0.43400982345010697,0.25185441529500513,0
-2.9510351886538366,-2.302179506862318,-0.8721595968327146,-1.316242592343582,1.379280034365163,1.4607142384127259,1.528759034607652,-0.49165561496548443,-0.5806514027455847,0.6946706116284086,-1.4047915476103274,1.1226782545637386,-0.09419457535083331,-1.1109310952157205,0
-1.0168011575042888,-1.8530439275735802,-0.12060202513717144,-0.2222080645710517,0.8677713434688279,-0.4674149085839027,-0.31826038844869736,0.25590685010422287,0.6517481414030399,-0.008794689485571452,1.188784114353874,0.625675571596154,-1.2645419919479142,1.7771828402577243,0
-0.933969302438784,0.12724120696803287,-0.5324906577479545,-1.8592924628832384,1.2172311948105246,0.4374265525723338,0.10011275379965975,0.513199811077181,-0.41884874392503835,2.2297318414095484,0.6587973683661927,-0.010196115625046132,1.5902188056217794,0.15929778382964058,0
-0.6312492159175012,-1.958882600828999,-0.12154969869272747,-1.0499259109862529,1.252884814969899,0.2848247510871094,0.02116915769395339,-1.5679304164304986,1.2609373235629844,1.3679074507209708,-0.02808307510403198,-0.660300116021989,0.5818504393070786,0.4766029673239799,0
-1.1848623635452606,-1.6809295444039414,0.22254133867403025,-1.1545294820688021,1.3114528343034395,0.39285826332278534,0.5639918262620156,-0.8521588059655938,2.2292736105559734,0.9954902829453182,0.014680139889711287,-0.789986353867603,0.12992985416607386,-0.06979878576213788,0
-1.4283278221631073,-1.3521335504882295,-0.4676908144466513,-0.6345559356359216,1.2732040228521226,-0.08020263841568998,-0.05311843389688464,0.9711390068229115,0.028022187025876687,-0.21722615821867644,-1.333474318734201,-1.4718123513241856,0.5651533788097695,-2.601888315051689,0
-0.5872673884040116,-0.5691789969921173,1.1416476008704612,-1.4064150163846156,2.4377769399164624,0.8378653882501543,-0.0065084868167652465,-0.20940882703960811,0.3905305963195172,1.4011862750338961,0.20541052696125997,-0.4780830577538245,1.3082466068799101,-0.49346820915387574,0
-1.5122427290715375,-1.8137727282478777,-0.38402057742450435,0.1289722927208916,-0.8618451532425115,-1.0871186106904516,-1.1742705191237777,0.1813142178614196,-0.9114436231372903,0.8244270623849798,0.659484214251896,-0.3969138412377916,0.11374815348614345,0.7368365309200512,0
-1.1139474576548751,-1.840156476962528,-1.8244812156912396,-0.3494072121752989,0.882389144574879,1.0193167569745605,-0.9160846577479591,0.9211507463947922,0.6546595284477861,0.7454989065249826,-0.46255571632458015,0.996554884498404,-0.9936978771064832,0.2945928425583791,0
-0.2567458287965577,-0.456845731694805,-1.6655097072886944,-0.7678386769332802,1.3959338744308236,1.638501564584359,0.41779208610835117,-0.2709281301578081,-0.9289891671305796,-0.8681934306407798,0.9226397227878528,0.6600374917903349,1.9164448767354103,-0.7634393173106605,0
-0.8833141908592718,-0.781311403270987,-0.12857122205181015,-0.7764044512253178,0.6201934882101049,-0.37068881581153207,-0.6944875299113717,-1.635463248457858,0.23694861154594976,-0.08344878322659362,-1.379149251348588,-0.9943351084951194,0.660442566548437,0.4979229342693786,0
-0.3210864369281051,-0.9324209305111085,-0.7108806013100158,-0.3687117741614596,0.67373799497696,0.9803731101498272,1.3980442157935122,-0.43998770452970876,-2.95561882434507,-1.247317469694169,0.10225665964741577,-1.12295704910713,0.7668672933290608,-1.2247047776505404,0
-2.4571558198556662,-1.3196712163573014,-1.4703726542927955,-1.638877848243342,0.6640607749598523,1.25917629236412,0.549211872291596,1.1208406514031668,-0.664626000063131,0.3605916776568414,1.1589495823768998,2.857438423139865,0.3664511465715505,0.5831081356577431,0
-1.2751422512266837,0.4949413112343959,-1.8658311156932432,-0.03172164540851918,2.7536910267010812,1.7318651755263261,1.7393400597790714,-1.3906854299752562,1.4387054823592311,-0.1440276600546764,-0.4928597688955594,-1.8102133210868163,-0.6027193630302223,-1.0928952410987494,0
-2.6828697716158048,-1.3348850299857749,-0.8372469348949945,-0.41377766864072185,1.3654744726428345,2.584583329692345,1.8884515541575142,0.2900403964835352,2.325779791881685,1.5164401005894037,-1.4470045764150157,1.7223599419956492,0.272862518025773,0.37968758061398367,0
-0.288773420207145,-0.20665276480007477,-1.3487250722484376,-1.4623517926645673,0.2927354700485364,0.4004786421619002,-0.21106592350916736,-0.3065656212870578,-0.5932201848703592,-0.3255450115195318,-0.30902236519624954,-0.17287108244343635,0.9645506822393334,-0.03233711869521544,0
-0.14202411874284615,-1.1913043248816149,-2.275686323337922,-2.133287214003481,0.5102498170987908,0.5382522135718557,0.15802696446624673,0.5098982484765356,-0.10522413425087113,-0.39524414500347166,0.5306939380247327,-0.19600429784501586,-0.3421528907320472,-1.406914165601862,0
-1.9194522860016114,-0.502839255946236,-0.8575742639294348,-0.30951464593223177,1.278575914511806,0.6161434086861768,0.6983235322263623,1.4671812507090423,-0.11420989177783689,2.2995890930373193,-1.977749062367128,-0.2615619010664018,0.05649669199323269,-1.286130036708791,0
-1.4272526463365343,-0.8414603089232857,-0.37440960603266327,-1.3093465397202384,1.4249658974361492,-0.4373158977167731,0.4725456601389839,0.09074256375217302,1.7853183942247275,0.3573194227106268,-0.03447486503463288,0.053752562990502024,-2.156008006059379,-0.9151246594795012,0
-0.5432247624425885,-1.6619259410666514,-1.3630538465650717,-1.3817378939983291,0.01798058016969939,-1.2661034732423306,-0.9107983254811529,0.9629605732494478,-0.7246110515177244,-0.8537592225874118,0.4072638937354685,0.3870587293957439,-1.1536749163997606,0.15844805049973495,0
-2.1958396455890394,-0.5130275192144182,-1.4694023402027239,-0.9875058812723125,1.0839810033144543,0.03597264786575155,0.6197414410948178,0.4597059550149875,0.9885532424653152,0.040256502000462865,1.0224072253604721,0.7770729589908982,-0.09528578701393456,-0.4679763133242924,0
-0.519253341094091,-0.5534688239700559,-0.33461489102721376,-1.0984854845094236,-0.34217516637090695,-0.9330148384027044,-1.2057934544208493,-1.2863933350836971,-1.360258366289327,-1.4271364021862412,-0.6293444843345044,0.4678197829096571,0.19510397314288802,0.6294040061022004,0
-1.4232983120441538,-1.079718210906399,-2.68733443395803,-2.447112472423087,0.9534127296606606,0.5149402984744282,-0.2138067764446428,-1.767622112939381,0.10948535944708751,1.1250439217080253,0.13187381312115198,0.8187639503474419,0.09459253295770016,0.7846887161316864,0
-2.3226996123544024,-1.9972468276014816,-0.6002257732765635,-1.9054790553600607,1.724282677456228,1.0021191069233588,-0.12983836906289625,-0.013415786924808768,-2.2604147573378524,-0.19076046033454871,0.8708227703666389,-0.8045266302248135,-1.808144046870746,1.5434928560145533,0
-1.3781625540393896,0.2992282977860654,-1.356263971061426,-0.26248443153291345,-0.958591440397031,-1.1893731841176551,-1.398099248336935,-0.1627989966326071,2.0959987502254394,-1.4571379129195563,0.2566587307122617,-1.7144858954961215,-0.7138194972187111,0.7718742923698284,0
-1.933617680009877,-1.20543755786763,-1.9500220549105811,-1.3390330759005624,0.8965798864253665,0.2853659791797189,0.3218621050767222,-0.3906776025991957,1.7058526805445642,0.44997834134654807,-0.279676831132893,-0.5120614193191271,1.4008818603129667,-1.0472871463838105,0
-0.15969186254260448,-2.7273204231923485,-0.5655763564541427,-0.7622643976677221,1.9476496098482996,0.47634829128566153,0.12273465734870118,0.5633130735164247,0.11458443702387822,0.32994353865726456,-0.7981533577548339,0.21138647504826755,0.39045493205388226,0.4963430343407315,0
-1.5941499556967944,-2.446057854388455,-0.9278704922861305,-1.5294927090638024,-0.09332385788738251,-0.31641754205112554,0.16234988167425887,0.777609530278536,-0.8094863188927663,0.8780585789081998,0.9112380445689469,0.19857862068151685,0.48938393893840915,-0.2592092593150832,0
-0.767323788645296,-0.9781478544765572,0.6017788913209154,-1.2393556274730242,0.5686605617604895,-1.4611999131298443,-1.637234739584486,-1.3730030168855392,0.3283679728315381,0.17874096328632716,0.06269830323671424,0.10753418005363442,0.21509813581903608,0.7725398075827608,0
-2.023497492621865,-0.8207243650436838,-0.7800033160282348,0.35918757524043654,0.1669632772039884,-0.6161751667763817,-0.7438339597708699,-0.6162930881921079,-0.022685275325646737,-0.6225401526655531,0.555145681944831,0.0442170029001831,-0.8091259849410398,0.06767125806270954,0
-0.16488875408542147,-0.6431289408504907,0.4633028912195618,-2.188763054322851,1.038581122980917,0.2287086438488219,0.8025610506368503,-1.0717013268617444,-0.35361474161364437,-1.1039886353716615,-0.028017784895743934,0.19318157981319836,2.206525307140402,-0.5237727785412354,0
-1.6397515327497478,-1.9265759414055248,-1.389809803155768,-2.376686147556309,0.32398269431863125,-0.6733130762728643,-0.22255201891999937,0.3227974640932481,-1.1500854941523635,0.7119770229910514,0.42228901912535954,1.0684620672442982,0.09800191409938289,2.337845119172165,0
-0.3648490531855957,-1.2222226970987733,-2.470806294502658,-2.015579081207542,-0.5356420699261193,-0.6098070887913378,-0.7786497744234846,-1.18147906792882,-0.5662949155810063,-0.624603408215179,-0.3780392917314767,0.32408922232004705,-0.798805744892982,-0.35152473514329313,0
-0.6864861525498047,-0.1618734321056189,0.9967308916917865,1.9138624660073296,0.8525575100818326,1.2199032163125798,0.26198526360493535,1.3251467288748389,0.33028994561659186,-0.21173380254439425,0.2489339103966579,0.8463040623077297,0.3190948340235742,1.259114849334736,0
-0.5855905667240036,-1.989538120031864,-3.132046280731309,-0.7322885376561642,3.0602981705240784,1.8978712108399598,1.1925731815054688,0.4987194410697233,-2.107192347329688,-0.043133589640907445,-0.09496531059267174,-0.33216852983900536,2.7039851072793866,0.39423764944203077,0
-1.812941095310326,-1.4153572601796853,-1.612096799059808,-1.1407908864163852,1.0699195809948252,-0.204919911437844,-0.34429426912192856,1.9975141778047627,0.13234650640267256,0.0679131691693355,-0.7194815459785476,-0.6942637622480688,-0.9426799145313405,0.9365693558567879,0
0.06598023078764359,-0.8429514325546554,-1.1586348370386883,-2.0356537528258114,1.397033300015491,1.0358674371600243,0.4222021862694525,0.5481283796421961,0.8956052433143455,-1.9974666928898597,-0.36437729289324183,0.12736247565648562,-0.06350867443826871,0.7314924079409346,0
-2.674682944704357,-1.4863079090733309,-1.0537825508183205,0.7679299135798829,1.9874051450464005,1.8693203148073572,2.1614072626506617,-1.6823264817910268,0.21029129108614655,-0.7148765618975097,-0.8467440928840201,-1.0755722861430155,0.22429730718159427,0.600959284699897,0
-0.8697254785271141,-0.017260488976942434,-1.499295598539152,-2.1849437664170246,1.5294134071257222,1.6264794969095533,0.06703834908675071,1.3120252622199142,-0.3151743898852239,-1.9345307357131178,0.33253231309764075,-0.8094537290973276,0.6774848420913938,-0.7438609270956342,0
-1.965116762232372,-1.7252260645357533,1.1284697324351645,-1.821386679224386,0.6820934513715374,-0.38963684873926924,-0.13061925231946647,-1.268013916843997,-2.7496760196305754,-0.23412553728291255,-0.5215386447863833,-0.9439535247220022,1.3011583486520308,0.6334215410273492,0
-0.16151079626365505,-1.9029271780870265,-0.0684269871257559,-0.6150490338941368,0.4285507808032627,-0.1719625365696728,0.8009958809859723,-0.18838412726438336,-0.42446270978189776,1.0788790390297387,0.6049933756788733,1.2472114211424503,2.8126492482387233,-1.7092261039101555,0
-1.1566378976580904,-1.040762526135434,-1.6547876954293903,-0.5539277985179194,0.8302802035796217,0.4973910971353821,0.14055318054759428,1.1985198365166936,-0.1703884233561112,-2.134693667476856,-0.7383765808771081,-0.6161750841745238,-0.8508196223826928,-1.0775832476037126,0
-1.45498348034078,-2.2256057637672484,-2.277937574319619,-0.8274120822778805,1.0757132879568336,0.4490721825846663,0.5939674368825654,0.6172815804922585,0.5553602285085755,0.309391570156945,-0.2996530640553656,-1.216603715289405,0.3350423675374132,0.051698321428614635,0
0.5790912564104349,-0.8400083864265617,-1.1186383261098825,-0.7141738603974571,2.1653075355471767,2.3055739709572958,1.8287923015167884,0.9814797493081158,-1.16482809646104,2.008755386185139,0.4810286647636553,0.5077284516382525,0.6030068534266765,-0.3734089368238823,0
0.3060017417068248,-0.7806174986361436,-1.410927230833737,0.10628871005988882,1.5895468860356021,0.16601034727469818,0.40833338997471746,-0.959427753141868,0.7492229272008546,-1.6873476944133516,2.1211434026336673,0.23443111648209775,-1.862484752624795,-1.0023757457662175,0
-0.5712435615383865,0.535755991995992,-0.8167655627780939,-2.2244690317205,1.9402894648835889,1.6567042989147196,1.3877187694323556,-0.9302646872700508,1.5163686467253361,-0.2608998230008499,-1.7405029890278156,0.01733462915130733,-0.12180522405333363,-0.4684256978994578,0
-2.3681591992456648,0.6509279322312496,0.723665720783297,-1.1795192132826007,1.8863939595679524,1.3884667370082098,1.7759569322096356,0.8399226051327979,0.2369553887192461,-0.10495815600017268,2.010926112400514,0.5489828740769108,0.7260983614463344,-0.9310734879421032,0
-1.3831873211359877,0.4614442922422022,-2.1070456820434877,-1.8947270189558263,1.289359156957111,0.4029598801806246,0.6079691065652776,1.3638503249326897,-0.23665882465190033,-1.7807381075634705,-0.9991448913310123,0.03680549909695475,0.17300713965222583,-1.856311567114457,0
-0.3566732053109556,-1.3946051228595895,-1.0051218667200712,-1.1634428985245127,-1.9305943758527757,-1.7298525148936346,-3.912510195493428,-0.8032400919517051,0.5511917287016942,0.39550910636250813,-0.18030702284953407,0.014072082873504806,-0.21514916577112894,-0.8133904123466764,0
-0.6624254512010664,0.4074818613137168,-0.9094150930982544,-0.3560612067231421,-0.723463407405418,-0.7228180214021875,-0.7108093789540411,-1.5670582502354382,-0.724342519408201,-0.5817213492022466,-0.53953518192114,-0.17685919357279603,0.09080002361004777,0.604791582550568,0
-3.0501721010310225,-1.048718401930118,-1.8432302702928711,-2.218813060423628,-0.16242878013993045,-0.9723127052817511,-0.0923678415339006,-0.365469594114225,-1.3759135886015514,-0.6283711081194786,1.0808562049508712,-0.2943477235272498,-0.45615619611535785,0.43765567353430623,0
-1.8781523669287508,-1.334123440700812,-0.0840974576439869,-2.326392717739564,0.5159698684273238,1.3434196261412064,0.5006815013976404,-0.7286104852595274,0.7715332597619193,0.8091213109902438,0.6108449164108543,-0.4342004332588856,0.7903934769661722,0.9795853411559731,0
-0.9693685074055826,-1.4841694333335784,-1.3276730943619608,0.0027578253046041112,1.4080361768812668,1.6814451245617341,1.118845820047241,-0.145810458088816,-0.3920397958707315,0.1399243120391134,1.291686465658673,1.7783209067198225,-0.8664161386594389,0.01389820933251119,0
-0.46188456299607394,0.3373981074427437,-1.1545056792499004,-1.695942611670703,-0.0023439806908012173,-0.48282011161165866,-0.5594506204977718,-0.8165751074555749,-1.146832082167441,-0.9402212089257169,0.011277696618660139,-0.0980735685325076,-0.6492629196101362,-1.4855620032310715,0
-1.2238588168804996,-0.7575032087287784,-0.823426641546289,-2.0843880722333665,-0.3647416522015654,-0.8604010206081898,-1.2681060580644974,-0.6348131639714567,-1.163473799792271,0.16205955906287475,0.0926794460290038,-0.7683556595479125,0.085993480747625,-0.7940435416988534,0
-0.9095102183721258,-0.7717716698610948,1.5174740375339204,0.8768446112816701,1.9243577571874342,1.1451448742186572,0.8875433043073813,0.7297156737837084,-1.5870983007982418,0.02512871121603335,-1.0996583458443414,0.2342983603768977,0.15092152680649595,0.579281971320933,0
-1.8532433505588202,-1.287383361549176,-2.463442001837003,-1.5907070139634865,0.8938180693774237,0.4338192105031951,0.5969067445489746,-0.21993579526633558,0.3415086855368029,-0.012938768103588062,2.1858637664176253,0.2772895312108468,0.4850817670641296,-1.0775613288673254,0
-0.6843949964096595,0.20585362088823356,-1.7290838377436084,-1.6541464400677965,0.0002877713306186358,-1.0398308185507117,-0.1929538339588588,-1.4535992799316308,-1.2623892988571654,0.029423575584972723,-1.2869074405363745,1.5828294467733337,-0.9234797799333037,-1.043944071468642,0
-3.147289029738655,-1.1626659205449077,-2.062414411859563,-1.5294394273660736,0.5876631277952694,-0.7950832093643523,-0.17832647869703872,1.0287809197455093,-2.214187371043003,0.34572657980157995,-0.03909892121655298,-0.09019241337738836,-0.9025065064432917,-0.3049732187131,0
-1.8768607781675883,-1.094262554252557,-2.7577283913566313,-2.467045245390991,1.463369806032687,-0.16284176557031765,0.3766732388884064,1.1896220052876432,-0.1530258762062131,0.5502024960264408,1.2293757176501043,-0.8059936088317976,-1.3936724843661716,0.9425936208997923,0
1.129247112028298,-2.287422581274031,-2.0967855784546394,0.836913528321314,1.7355830924283735,1.1979898889240133,1.3188081154382287,-0.7030690808978022,-0.11936619927687682,-1.6209135183081516,0.4922969119380367,-0.6205186206486616,-1.582167016126918,-0.7446233564385631,0
1.9050671692404069,-2.1715666288253415,-1.3682489567880305,-0.6584444490594905,-0.40426909809074907,-0.5398996415173254,-0.906965723754112,-2.344343308418874,0.9427658012252752,-0.9849949277244419,-0.05470443684927131,1.165672089883819,-1.036581974869657,-0.08451988151147344,0
0.7286976444055924,-1.9868570784282373,-1.2452778459421097,-0.22266242393825597,0.5172098412753552,0.5209927826296764,0.9318276079932264,-0.4555278450034305,-1.3864422532701932,-1.4099697030838758,0.675144659894898,-2.3812673401219207,1.0337861679388998,-1.1824505722064373,0
-0.5652339255333814,-1.3761560712300993,-1.1338229645160411,-2.374895808369982,2.7943700546003587,2.6092723105413866,2.017956539099877,-0.17383770009461635,-0.7295771941356465,0.37797099799469847,0.3319954934569346,0.24668314961074406,1.084586391463845,0.5509243808935403,0
-1.2381737439746652,-1.2663874900089551,-0.767830110373744,-1.555327218819016,1.352720163026343,1.127161397449177,0.8426188336991323,0.4525384189795919,0.32084964632460716,0.2386007909284437,-2.377290491729981,-0.7847792471559913,0.13820512935328008,-0.19497988611978695,0
-0.528461477454861,0.012715817819828557,-0.8445706723315339,-0.6482435916007965,1.1307641879115444,0.9837547734125012,0.5832408007701615,1.5777682049318862,-1.067593769044886,-0.05493486620291775,0.47761072975677044,0.7893665556697054,0.6084517364296791,-0.21427494255446522,0
-0.9468446524221327,-0.9999156069085858,-1.7215580335428475,-0.683505738326692,0.2707130636263385,-0.4472218446428878,-0.06241369625635157,1.1326898205195888,1.2645398093380364,-1.4217636493445729,-1.8463370111204804,-0.4554812488548173,0.4163681481389552,-1.0904472525504776,0
-1.0972865984134894,1.0931683089305948,0.5733549024752425,-0.6141534474434992,1.0029932911999557,0.5914121630385237,0.7440994777108547,-0.3123554416558699,1.3581210958672605,0.5080791051990653,0.6312747301215763,0.9083932972673044,0.12686697629584257,-3.063779866312396,0
-1.7630572096947676,-2.112411471983418,0.1911429530888651,-0.7372507748528615,0.6251585371023904,0.5387672718173524,0.3962402010824879,0.19526303147977275,-0.21768469343465674,-0.38380092570774543,-1.2780883627118034,1.8861891585560817,-0.546537793028378,-1.984143223128996,0
-0.5198565966083892,-2.744585986974193,-0.07256151844181924,-0.545579661785637,-0.23481308691147862,0.2624239491401199,-0.5815526578063575,0.2882190630903242,-0.25237412498448336,-0.04257862104444418,1.2352473883102724,0.013355591543672855,1.1049404889577255,0.2769586752193653,0
-2.110430684414478,-1.471524807449949,-0.7362827956434804,-0.9475332016437563,-0.6550953431851838,-1.566210956342372,-1.8607244675491716,0.07859870611503737,-0.6780715284934992,0.5321293738814383,0.4585591362121688,0.3630092477145166,0.697488311921,2.2774304485560983,0
-1.292171185803555,-1.1034882680659608,-1.2519773782068855,-0.8474374878975315,1.0521733186575335,0.262319895555841,0.07849552413945421,2.9142446484154196,-1.7769866393260751,0.3240125241899799,0.9710063359591881,-1.580339317845535,0.4466615152789034,1.1414807681032177,0
0.47149197299315704,-3.5666584409312976,-1.2368502645096842,-0.8234875786275531,1.619701965482479,1.0845783330591618,1.0470910417244728,-0.7601900886189056,0.57740257751925,0.04655747332786092,1.202700806536146,-0.42660498305909955,1.1649444451881277,0.9277423995512052,0
-0.7040060103129004,-1.3719145813212898,-2.7567217824785826,-0.6720045162858903,1.4098284573286928,1.0824351106218535,-0.3500001200981577,0.7618547740424635,1.1755065765087795,0.19242111776818133,2.57251743696973,-0.7500017362485115,-0.5074005764004252,-0.3061190484599539,0
0.727350214164185,-2.533861404916138,-0.1361719863018117,-1.328525223122894,0.6355617477355389,-1.2147850965476965,-0.56273291063543,1.1320522884141782,-2.3442978937886774,1.5904522979160232,-0.4902221500387753,-0.890020749763603,-2.762675505673743,-0.4346994737231341,0
-1.0613243458288473,-2.0528985107039492,-1.3344561723558765,0.3000445946989585,0.9953670277756547,1.0085045310518883,1.2042619479133099,0.3750621518923401,1.0778433557451819,-1.2198757448415216,0.36935805969990443,-0.4932218455059107,1.9353811835291097,0.013375812715862578,0
-0.417344758012293,0.7323116054099441,0.17741188897769367,-0.5609133210704238,1.2027750482523674,0.24689493612131053,0.5803820939738136,-0.8307698816053357,0.14593829414477413,-0.017037889337463016,1.2910290551841355,0.26142041272996835,0.826407309893258,0.27924155393356226,0
0.7439345261677921,-0.5610068412617013,-0.17201182320294106,-1.2965709535347083,0.4720823626756865,-0.03827815676790369,0.39815227400011727,0.2830685880099896,1.0845151609299661,-1.7652203153028492,1.3687846319035628,0.05593935013240072,0.4961207080887857,0.3663329336500437,0
-0.9334541841407952,-1.697423823300277,-0.010416065405146946,-2.1783036231148656,0.4422286540105764,0.42208165071151804,0.42354826932772344,0.9738190717173091,0.008281909957927018,-0.20378186112454774,-0.2882854581273188,0.4049823189246768,2.234386246197682,-0.270396942095442,0
-0.21764965758233867,-1.1906510575051594,0.17124709346731937,-0.24913101126874015,0.04520818286917849,0.20539456718333965,0.16216518928954232,-1.4711152343848903,0.503048668376865,-2.414107851031037,0.4194648928532483,1.2577789508694428,1.1402532809442802,0.011716417719365251,0
0.8206461576468016,-0.2692253088613552,-2.5720402556532407,-1.066953172898201,1.1019258873726574,0.00903817903909121,-0.29272949086086525,0.6483940112387127,-1.492105835472992,0.053457912617474034,-2.3833887029573617,0.5167028186484662,-2.2194742586230527,1.469937230941231,0
-2.172007192594816,-1.5182798423662747,0.5112284332767216,-0.362466189102304,0.46233742309697756,0.2803181604103145,-0.5082458852432048,-0.11916883732792043,1.1695381472938837,-0.17865516901389017,0.16947387119326057,0.999674019871989,-0.9021111381810512,-1.5525074733000543,0
-1.6989304285787463,-2.0137173664403987,-0.9672179071237392,-2.2165601493811278,1.43751224861987,-0.010151974473582959,0.2000168362146546,-0.6941385611456656,-0.506602695971203,1.2728827687546636,0.2607543841411672,-0.03360343995614198,-0.4915408261571657,0.08466128073276377,0
-1.671140277396581,-0.6879905284487562,0.1553120361066962,-0.39123852777556023,1.1096477545740087,1.939687834652113,0.2902934013948779,0.5362969691808936,-0.3856299815231613,-0.23644641996451343,2.76743589203226,0.8345255473690577,1.049498605863319,0.8439368915533556,0
-3.2912895085981,-0.6956332709697401,-0.9279664267674221,-0.5861097146273069,2.4720145664901336,1.6524086455420313,1.7293933091406049,-1.567177090585447,0.388474200851541,-1.7598157076954657,1.4794621438521929,-0.1900716729007449,-2.0547613076752937,-0.1885861330060098,0
0.6162096816512073,-3.063238276804743,-1.5911034251911056,-0.40909367720664536,1.1183479133882046,0.7464059655852598,0.4214943007580009,0.7517964658354561,0.12862159249126584,2.3869517995739225,0.8117357099965018,-0.9698003951150737,-0.17636595048933035,-0.6917697430023131,0
-2.5815943994539423,0.4759490480535089,-0.6316433872993417,-0.153416014156596,2.4540501814574585,1.2742490025886897,1.9408977169603745,-1.1001355537243058,-0.10266209104063294,1.7982877009230627,1.5020292518431304,0.7494570154065637,0.651540620643959,0.6216013131209713,0
-1.5709436615217944,-0.1862363100337895,0.06847155598903831,-0.7671219798628317,0.3556328797869771,-0.16675326005363394,-0.8168980013251836,1.1913896402914144,-0.6962120515798997,0.22396742837344774,-0.037249252552126945,0.1975562825275035,-1.1851845805323176,-2.1864419787505676,0
-0.7655991073013041,-0.7296567607182741,-1.8633452647393818,-1.1475286802403528,1.45502372034752,1.6159860943914925,0.9986336142072194,0.001999356415087233,0.2819558673941572,-0.6986804359848298,0.15008113034502407,0.3239902562721444,1.2092645684253776,1.5713358160823676,0
-1.152522532452359,-0.6166061356465049,-0.00017575308970541048,-2.058536081978409,0.8031143012960904,-0.44138719284632705,-0.28715543387181836,-0.08932040270073452,-1.5980523752767137,0.13512345186808206,1.5699984849989468,-0.9980235932938778,-0.3522650349497693,0.48033429588137955,0
-1.1250090303195777,0.48145554765897325,-1.7435882288125641,-1.8222500172903202,-0.5927942597215277,-1.437070655850962,-1.1049502869808598,0.45002067342183205,-0.227419412643884,-1.6150508905847878,2.5319046777421774,1.480099203713916,1.1193971619983802,-0.3877879555492906,0
-0.7976938081688064,-0.15561480951467987,-0.9885739444393407,0.3289605904369892,2.319013197741396,3.125628618888375,1.7798788581357938,0.9885318628514624,0.3645250379928023,-0.7260150977009768,-0.8831996311551246,0.7889078833832395,-1.10066126423436,-0.23843635098030264,0
-0.14320601743347317,-0.15817993310993816,-0.4458834986759067,1.327653100346085,2.43530015664544,1.6793831575148972,1.4227730327220238,-0.28060044683806395,-1.5006694027818388,-1.0254101277779044,-0.11477794900192263,1.592912089122808,-0.35469730295967755,-2.4392496385726155,0
-1.2051616888660441,-3.003522292066514,0.604254361517141,-1.4576994309568256,1.4325944517261522,0.7681169955464537,0.7127479567334125,-0.5378113463571395,1.2284208122801512,-0.6395033908874757,0.5044446476624683,-0.6990218531039264,0.042631024437746814,-0.08670470084212364,0
-0.892119555656967,0.30955068486052695,-2.6022595410589253,-2.251647214106139,0.5916668371733308,-0.7806407821830892,-1.2383439760831083,0.6402136593287587,-0.5383162028615798,0.24794756085187486,-0.2737039958177683,0.7903405817847039,-1.5328648783527072,-0.5170142249543602,0
-2.6012779371188537,-1.7941362900254239,-0.5603633939830064,-0.475812157187229,1.653244883281227,0.74146739653111,0.4192464726983708,-0.14139550214380217,0.8730566000927434,-0.5348113382185579,0.6840379131173813,-0.6140847753443682,-1.6088067092699718,0.6685553432567358,0
-0.7237258206714463,-2.4127658838923667,-3.310103436632644,-0.9456464146096177,1.0085056267231536,0.8686553970854558,0.6065545553926657,-1.572528250002441,-1.3819490313636327,-0.5318774939427574,1.123094630441539,-0.04499520764300634,-1.9608455984695325,0.7059697466988162,0
-1.4717760336383359,-0.5406142282833882,-0.2980463737787299,-0.8617585679413181,0.34394506335903263,0.5958233680341523,0.9417796227793311,-1.2490599706780527,0.4102120156795513,-0.4657681648580778,-1.659887881419688,0.3087992768481657,-0.8874638247421598,-1.1598392857669653,0
-0.23986691462414622,-0.7707886258849316,-0.4699352943985333,-1.7046732628698824,1.4945566553228533,1.364734975022293,1.6136477812007308,2.3746065500264315,-1.737714595137132,0.20363317870980122,-0.4419100170796902,-0.18329755642725984,-0.6442082503864482,0.5887032782151507,0
0.8203885861685415,1.1967760966569572,1.8205284754174187,0.6062588277754279,1.1300993164045137,0.6140991771126236,0.5983470470748828,-0.12795302350566895,-0.9204796873395245,-0.5157757430465535,-0.44606937845883377,0.980190871671822,0.28117316564347944,-0.697557206596308,1
1.5211672557321125,0.7341612080846209,0.8824578326718696,1.829519042024073,0.5196605733465026,-1.0973376745470436,0.7007231568595857,-1.3253713748742868,-1.4402778941319954,-0.3322117564082642,-0.8659398838322859,-1.6474962990474387,0.2907331778668224,-0.3545875472513581,1
-0.9930603710541559,-0.296472328074761,-0.48218539744282074,-1.3336161198483047,-1.355813971126554,-0.7945994551250549,1.3035650678080875,0.5465617016314072,0.07105761108304909,0.6995599974532516,-2.3721955280635143,-0.5357148727694001,-0.901034029254952,1.5756775921706603,1
0.32173555984482327,1.7494338997277405,0.7151159336174253,1.197790081941852,0.8402201626941975,1.4873982896858626,-0.27167438368729224,0.8360464999730035,-0.20181537744586941,-1.0671073970160216,-1.7027786118933097,-1.4413507997340538,1.1099696431056998,1.3567631574639631,1
2.0892174967107926,2.327686132267692,0.9308620652738604,2.3535858895693975,-1.1522488412767675,-0.24043719707034283,0.1020312972405742,1.6409907193949733,0.7228150653732581,0.38046280130622695,-0.7449829387256415,-0.6320858228089109,0.6162353965533128,-2.32709979694531,1
1.0921266584341092,0.1626017761725379,0.4055996478012648,-0.4805365125650163,0.07898871634000969,1.1336804787567016,-0.36127042500344553,1.1265967102776935,0.02899268983306383,0.1037584452878908,-1.8611936845055561,-0.28073340085071186,1.549890566129126,-0.4357300881667396,1
0.11186614626634761,0.6419833119255709,1.8035850193786016,2.720769831165984,0.35203447180292424,-0.9886271494346061,0.450317278043813,1.6062911561087083,-0.04007298621272226,1.1331956840846085,0.10093679173515462,1.133789272564012,2.106884733278146,-0.5768484731483126,1
-0.38218151537704004,1.3928274682599189,-0.0405439391575344,1.474697088463202,0.003108550185636745,-0.7498133382845175,-0.2358293621748528,-0.39768616311840366,-1.2378462398132635,0.1808329010021933,-0.016836723733426057,1.8220552213428425,-1.5221992751914284,1.0275810705538218,1
0.8689133493122734,-0.8309058258475304,1.9282969915684842,0.394999287191269,-0.18417574651522164,-0.2701551293370962,1.7713412422676835,2.1273547616424224,1.2383697405058196,0.8645414230305051,-1.0183155323612583,0.10247236710315673,-0.24261904740027426,-0.9580116007012293,1
0.4660997616264454,-0.0697524112896899,0.3457167233124445,1.427890440694917,-0.09844600230787963,-0.24389611017733773,-2.0974509576101417,0.4707276933001068,-0.10152912091387911,0.058440053454369034,-0.9831019276582751,0.2764143642537545,0.9955393281626821,-0.1297362031885032,1
0.8107556590635945,1.328662002282481,1.3619218539288438,2.320661655528167,-0.8942073519794773,-0.26307342445635284,-0.6858526761766428,0.9091290703740371,0.18672728354333681,0.24600777680597574,0.07011315873321637,0.5711740662910472,-0.9716187730129598,0.739692508412923,1
0.6572138491356208,-0.4768578168457318,2.0672224165719832,0.6685118279027453,1.381707593377797,-0.16493777539621862,1.2884442493182524,-0.4419787356400129,-1.1855658981138923,-0.35757384513916474,0.819343097059747,2.60362629875041,-0.3761041905595823,-0.4580818016681276,1
2.1145924445773767,1.3833771131824704,0.868862469796655,1.348775894046295,0.061704634050368024,0.037227836421576635,-0.08879644771250095,-0.36833429755111746,-0.9304772092698435,-1.1436703885000736,0.7689658715737455,0.8191041689121383,-0.535087153376712,-0.40316267693004887,1
2.9510125601262995,3.076980529053753,1.0693811351327787,1.1601905933170753,0.0037962516214591325,1.7187950030498593,-2.3196107267512183,1.1113504293981114,0.13382397057301593,1.2216697469626407,0.5411308382180404,-0.8275842407346614,-0.4105339880150149,0.08959276736843465,1
2.0762401574663856,0.15433896723265284,1.3330703726182551,0.9741371520461436,-2.001545744438679,-0.5431708310561139,0.014527881937568883,1.506583154190254,-0.10389184041950589,0.8583762451921404,0.9959386848222581,-0.6045986161795408,-1.842384462030672,-1.916597467518211,1
1.3139082114575535,0.16663119405059423,-0.589567493308969,-1.0729834359912918,0.6901044247640123,0.4730871980274752,-0.3842459128805702,0.225348143737937,-0.6879957721415528,-0.16276484540216368,-1.2594130667061334,-1.3131677181999373,-0.15461075861990903,-1.188880153597605,1
-0.11738411298960783,0.541324715060667,0.7068084133512382,2.9372311624295167,1.0190436932417624,1.030195403152731,0.18405783127156553,0.5082525802698652,0.4202390897042829,-0.12944001752273454,-0.7027549598212041,-0.7740858849820498,-0.4405078608479934,1.3225043315231224,1
2.1059933699072984,0.03790888365837275,1.347708452450957,0.5929217636496749,0.9626575724868413,0.2726452634321288,-0.5614830267828836,0.3810534474086368,-0.6110562425073381,-0.5320614889167843,0.6619475894305167,0.016129415276003874,-0.4610262805808381,-0.4332326566230212,1
0.7156361619599049,1.185325649415382,1.6191711169753933,0.6607415161159846,0.6978168390000047,0.11061312257867771,0.001339846754486929,2.099191555547813,1.53455455629905,2.408249199107025,0.3277464699519495,0.5841690733522902,-0.9076175061006004,0.03648075561423148,1
2.0638515327343585,-0.14193822614240403,1.0063390623622683,3.5976737265958323,1.4729535721895743,-2.4508721285400865,-1.4176841701595697,3.2676442038992546,1.4736086796546177,2.0192563151456593,-2.031619568663027,0.21171378417059702,0.762149241958686,-0.2800686268808754,1
1.223079742625275,2.4332145066061726,1.0915201781732082,1.5807770953297968,-1.18707042637437,-0.3632606475688056,-0.2546081697660301,-0.17620031664343294,-1.129600274269089,-1.0448313238593399,1.8165269961401054,-0.8812384474360504,0.21744041530326128,-0.035824746665955476,1
0.9432168056073085,0.8295924188357956,0.22051760327458036,1.4303013589575533,-1.5073256477730475,-0.9851580323108263,-0.8608416785235702,-0.05715487413827436,-1.1989327273550499,-0.7616280117823986,-0.10029766744340833,-0.11432216800474763,0.10710503000947168,0.8479587434636998,1
0.14846281081423207,1.6655852363134291,2.08528700444591,1.3665314072372299,2.457424092075892,1.8017419477471466,-0.4117494176846493,-0.21671841838640704,-0.19017502353192844,-0.7999355665972518,1.3777362362747443,-0.0022502445041573905,0.8153160721716332,-0.7017669462667825,1
0.7137512664443082,1.453965579308696,0.6913269444535874,1.9355471254651493,-0.3635832903067989,-1.1492039971882941,-1.9081304132252668,3.809568970096392,2.2547480411930945,2.6081439921372938,0.765955452726233,-0.7619915238269903,1.0906599360881322,2.2106408773932396,1
-0.8314060842151236,0.6643926318813538,-0.9908119951239978,-0.49506083022720504,-0.11688018640852403,-0.9978519832440257,-0.08485053166200977,-0.2953411844660352,0.2653056429983728,0.4625480740098184,-0.12208388797139179,-2.1925434908074086,-0.548072933244823,1.2318751342893033,1
2.3638622298139094,1.895184981971686,0.2805197667152096,-0.502503456040897,-1.6002058490434774,-0.7619744583102578,0.14862709530283086,1.2969158707361126,-0.29262529698423145,0.43376507827737376,0.5530767870252449,0.24891359867502955,1.008668355954839,0.484453439248422,1
-1.9645288378416512,0.45650449206736543,3.4204150122474024,1.4348842714636474,0.3662095977839374,0.41747195874201454,-1.3204889841570373,-0.12143104601725496,0.25819185696483,0.36989535011015495,1.2177251874511363,0.9194236766469855,1.5217004527369589,0.35879608390625434,1
0.4404277139505105,1.4650802095003064,-0.5609583529944429,0.7026766373023645,0.8546857301355617,-0.8002116966018503,0.6328579146073064,1.0954390384877362,-1.1075506314635866,-0.6597694687786992,0.9052594014939547,-0.3071270730857854,-0.6014608115590059,1.7067676404189733,1
1.0994774730157384,0.9138993481789515,1.7908061216900806,1.3446452262360524,-0.010638676618193147,-1.3763874990779479,-0.31619770458118795,1.6877611315998724,1.555862656008409,1.9119551004115134,0.21620467632268803,0.804880565862379,0.12374001441139017,-0.5865156509199643,1
1.6683260181079969,0.3116277177692406,1.897815408410548,2.628936947623991,0.3653637420637676,0.612965380474599,-0.14098789744441861,-0.5920130022414554,-0.8147554820108043,-0.2052237415893961,0.010982892582401323,1.4359940177677142,0.555240074279424,-1.711473159730459,1
0.029850480348587394,0.11230434428544023,2.335784336320233,0.8086560133049397,1.5317788906010528,1.007510770986559,-0.25665411639975283,-0.6583355655822452,-1.0534876259951202,-0.739440773180303,-0.2152444565761547,1.782293792704712,-0.21379686184995605,-1.8004786917341806,1
2.4038213920665568,0.5574642881078161,2.4550455762707113,1.1314858168054522,0.7501218121369445,1.9337934851881868,1.960484600783027,0.6992354151532651,-1.073985245423491,-0.4674292865408934,1.8930488854225436,0.6823925098127926,-0.0700128588128004,-0.37141773608206863,1
1.2582288233226953,2.564718021669904,0.6382295225558288,0.058877904075041676,-1.2279998808224974,-0.9265331111571506,1.484918786733851,0.672694569744976,-0.07276425123805402,-0.16203742624193757,1.0823519297917354,-0.5419834002261925,1.1482564245159883,0.542195285724256,1
0.5514357919716457,1.4523339506431387,-0.5657590721805144,1.6374709026511214,-1.0582810508376372,-1.322541133291679,-0.4861941306990469,0.5569878467585327,-0.10030995630674294,0.31496382347348273,0.24468192548734993,0.14551480533559535,-0.17496803671417813,1.0456401202092658,1
0.4612286823822568,2.1478126607335635,-1.3942603049004716,0.2134342248958313,0.42022670947458574,-0.10239670661109637,-0.6505636204055921,0.6955732371433327,-0.21140723161151714,0.13900736306346573,-0.8653428321018342,-1.6219251268302093,0.6144401228924746,0.6312383280671477,1
-0.686468151234102,0.17377053363604744,1.247665901108943,0.8207733745502451,-0.674212461724509,-0.7123370644127087,-0.8795096286589426,-0.9209159258951816,-0.9725881286856528,-0.9676763455185755,0.4802411525117667,0.4077283696180388,-0.32054037833754784,0.7874827043855253,1
0.7466224310519851,0.8408151286199392,1.2033882406199434,-0.008536041943107753,2.2816328772760617,0.2975110711855549,0.8867590544047386,1.0396935265975618,0.8861189415293454,-0.3195064890253528,-0.04555812675454088,-0.4871135608151781,-0.3118913122553999,2.020639698775832,1
1.7068496408990508,1.662665970385484,1.385037937656101,1.5565334427512632,-0.4890774681189237,-0.18595667718604886,-0.713553981370355,-0.9738338698589637,-1.1368612529984417,-1.0677282482811032,-1.7349760820454327,0.49978810429579884,-1.6791104276237172,-0.10823333832297323,1
1.2964180008086594,3.0350733027310675,0.9129058289474901,0.6929167816654233,-2.651708334919202,-1.3780092768478662,-1.8106186799803947,1.1701769431919322,0.13678884514469622,0.8121367219043489,-0.4336274851541877,-2.085028296679878,0.389037590433763,-0.3800380621921959,1
0.24647241964262212,-0.03226267057783683,-0.24447178760107535,0.11120268676908152,-2.2497837779516074,-1.1953589742981028,1.3249556793816308,1.9326388429911199,1.31442398645843,1.1771316190100511,-2.099206342561244,0.8395680907742521,1.435006177988935,1.490124342296572,1
0.9293196183479286,1.3342951284977145,1.0511420585521618,0.23446472257028705,-0.04443616770435442,1.290563762321174,0.4109825769008753,-1.107689387614403,-0.946686249574628,-0.3822127440328504,0.35895644065147114,0.04605813857711549,1.328156620895797,1.6823835853400984,1
1.9001845640199633,1.7394126723009475,0.840351692577983,0.34708385533528796,0.7825588257151592,-0.9008969953045751,0.5239509541926708,1.64455841198398,0.26578480886129796,1.0853787039097382,1.133568702875625,-0.9415376022298011,0.2013448532149219,0.4395161442914286,1
1.5484279208297995,1.1879735874861044,-0.4481272594150476,0.9320197440155951,0.7287142340743459,-0.5766472922336929,0.5595403706161663,1.8605297079614456,1.9016370507432252,1.0753628476643946,-1.8096169689172292,0.4693606596207741,2.272991825979389,0.6399361658007914,1
1.262035812074381,0.1003052135122462,1.189843392837443,-0.4548224852577891,0.5661877585748329,-0.5495526211300829,-1.122768432270995,0.7735454154558615,0.5451230987453799,0.49111554910181027,1.4734130814417563,0.18291473012870507,-0.07321832398382148,0.3812713900809755,1
2.3361861000121706,2.2479499850594316,0.7474826656970353,1.363454337839073,-1.1841283318982723,0.08650554192146179,0.3270098687893148,-0.11732760205127479,-0.36716877493038047,-0.030126772695915183,-0.8158266479844326,-0.9637751872343886,1.2663045571693656,1.3723423428665182,1
-1.409921965799875,-0.15634766026533287,0.7062210798478702,-0.07213302142685918,-0.7925258304579145,0.02658534132609864,0.5705370361384854,1.087962896331002,0.4800448090673858,0.4320257371663863,-0.9911063155873504,0.9679988045538644,-0.08695997560602091,0.33980857449043056,1
1.7143964826306588,2.997296530747994,-0.17661471942930196,0.1625365959148073,0.6181907146653008,1.5518801201224885,1.2769808321980434,2.4782789357160593,0.9201313740398595,1.0689128251075635,0.4602186394350634,0.9943504681243184,0.08271820186318887,1.410161995301936,1
1.2354483683099304,2.6111161484996206,-0.22237431253990314,1.249036122306942,-1.001291432756544,1.6835862095380225,-0.5309765045557148,1.0109855135275256,0.8140843631371736,-0.11948806109032167,0.30941283975992473,0.6241842724695326,-0.8332625915372465,2.158659010704834,1
2.8212988508131085,-0.6517591481792673,-0.28106920684583203,0.5763933935391617,1.0448728124544275,0.06798662605108885,-0.4121493784569676,-0.3102967497654392,-1.9929509687585638,-1.1319088294528836,0.4698249232049664,0.7129974253450992,-1.6081858112115415,-0.822702023079101,1
0.479411587144589,1.8126012877536446,1.2416597198208381,-0.7749620596421283,-1.8076968597749328,-0.1715645102163482,-1.559383235305609,-0.11830581720654387,-0.8474511840813674,-0.19956157048931783,1.2378836879187305,0.2868911182926047,-1.913779734828926,1.038289928983819,1
1.5154104029008109,0.4224611126443495,2.274447216941239,0.37241246356308033,0.9672992358427723,1.516792657139248,-0.7969109892966902,0.3584572792171534,-0.09654142728564086,-0.17029857809007748,-0.5437828043527234,1.411316985876712,-0.08783567860369966,0.20470668602052994,1
0.3633847168977643,1.5411316108045314,1.7629264823369366,1.4480993639362036,0.30197074251927114,-0.7253915220079754,-0.6284847301367896,1.6721143150964368,1.1006918281805724,0.734638766697134,1.1789545785916484,-0.8974929708546623,-0.9928468078339396,-0.19649842039810733,1
-0.6855973173848082,1.538034439928251,-0.03430805167439899,1.2352761115882636,0.7744947038653713,-0.03853826184341251,1.7396480419310116,0.8313482465995474,0.7692481716065521,0.7969935682322937,0.8271727996212221,-1.3308772526134907,-1.6680345998890966,0.8237209270437923,1
-0.4237344353990602,1.4463221475430637,0.19340109569262742,-0.2826346502605217,-0.482232478702921,0.9993363324744892,0.09741341295778198,-0.39696205775113147,-0.4462752738034581,-1.083549172650079,-0.6029783125670037,-0.3922260129202831,-1.8568104019401659,-0.6789793143519821,1
1.7138201364823995,1.2416445216767513,0.3860231986071029,2.451178849021064,0.7957780097442332,-0.4471576573299467,-0.04955883755158271,2.412513069961006,2.0223932955680377,2.001061925095923,-0.007567296631150636,0.9303778576228922,-0.7712301662346388,1.6573761202324966,1
0.5593475784302575,1.0321076739709347,1.2689134476786008,0.3803340658713864,-0.11549887929893475,-0.8360571148457872,0.6620815345817527,1.1572328434361934,0.27829045682712045,0.8768896889937333,-0.6845560241798007,-0.6830918015851747,1.5373575518978022,0.21146015236391716,1
1.4711362933999292,0.46654765283527555,0.5883616777837908,2.362642639803341,0.6502490055783642,0.5935546949055667,1.5369656539176446,0.6292218305379383,0.12264292250890463,0.67699642031296,-0.5520247290115766,-0.15513313118059344,1.3530735775420593,1.4662028196256818,1
-0.04058605251243308,-1.4127803309294902,2.6109369950118944,3.549327952607003,1.4493448012363035,-0.37494468984913537,0.37305231843417824,0.4381934564744103,-0.5412373431202707,-0.8135657720227074,-0.816793179270256,-0.042433810079108215,0.09015682766757308,-0.9862401105165975,1
0.5947307345506682,-0.9368380406201853,0.6895160238040563,0.7137770501593308,-0.6236006892582127,0.023355316114555456,-0.5997494491188647,-0.06447274612617226,-1.6706918480712214,-0.5047294091271961,-0.05568505264999431,0.005322860451700487,1.1402094789367356,1.207425028311201,1
0.810076158977743,-0.11338804192184826,1.5795611424764773,1.524507375286086,1.620070309136051,0.3636981503429628,-0.21802912810442213,2.808914542082771,2.5802525354430177,1.3953748842838396,-0.32920939835900803,-0.21395314386081168,0.6642923020556356,-0.5851884489270115,1
-0.49440561981930653,1.699196731694888,3.052684981945891,1.1719603324370598,1.193618571856377,-2.1706154097954116,-2.0141025948652898,1.7248546715562,1.7110710828937115,1.1557337936572372,0.5886401517374027,-0.08790648736921473,-0.9693985777386207,-0.9568367128796466,1
0.662674837931494,0.8579967855924787,1.6152567669685611,-0.7306716055072182,0.7958386552197739,0.06046844811736806,0.25044630026076065,1.1014474306500495,-0.8456543502681446,0.13123586365355927,1.447058696031102,-0.1564214791432986,1.640354093898311,-0.5136362607149101,1
1.1643907029773022,0.6095360505371898,2.8478250129560454,0.8258272661950421,-1.3263961033185487,-0.023233710850366202,2.003509410401342,-0.06355972943471744,-0.4531432371062476,-1.1945834522969234,0.2912052011314934,2.3926767230182415,-1.0573867446632792,-1.8978144998997766,1
2.6678876111195198,-0.10374069778200723,1.5872591668027922,1.3194002637912288,0.8241996197958629,0.1697065451428121,-0.43905391010493766,1.542858224477596,1.326917720532708,0.7286931160142499,1.2865901312872332,-0.8268091053930736,-0.020706364106233777,-0.5859182104515849,1
0.13095275213521762,1.1773961146369405,2.2125188368316007,0.6762082957133992,-0.39457285186939384,-2.1291978892000176,0.2576404209211606,-0.13692258141043445,-1.9252283549637184,-1.1855208315515997,0.2681627809553161,-0.9505362071857422,-0.1799400878833061,0.4498153265565342,1
-0.6919626491697632,0.9824371735225541,0.09757690520748741,0.6576590613361176,0.8454831084818539,-1.5756193271706151,-0.661416892306816,0.4184060657183949,-1.117963259139499,-0.1932403752912511,-1.008308886274262,-0.7000840296458889,-0.3473828335985318,-1.4288154342262782,1
0.9184122303148791,-0.7056522160155172,-0.615658339320678,1.4820668355255253,-1.157464632233422,-0.9653511948087635,0.05348162682190022,0.5500296181353508,-0.727494344984241,-0.5027632558749096,-0.4225609827987464,0.11879653990290184,-0.39954894158842846,-0.27137649293172456,1
0.47728130383031964,-1.564744341820567,1.784844036608135,1.27236975527424,-2.0844021549884744,0.614270438357064,0.7538550699336822,2.0713045389296156,1.4967293330914435,1.390089591571978,-0.019901670906585355,-0.655743462432314,0.6910625658668772,1.4359781248017758,1
0.28612517596351605,-0.3168302110582415,1.8358078963143372,1.3493506225604297,-0.2511025880369125,-2.4807085099845416,-0.9964186260023896,1.6191050184648526,0.07666037663445655,0.6452555829754212,-0.46438039219544847,0.4851982314777071,-0.23961715543464693,0.3654873450385047,1
3.3826022826840734,1.4201885987249374,1.3877031412620149,0.8330720698914349,1.2329019341026966,-2.7779942807285725,-0.34752341219351923,1.1473223304864706,0.11387949498455807,0.6687696352117972,1.5657795312032543,0.5086595430180988,-1.7734145388096807,0.4539956314469589,1
1.816775867200791,1.6250852012481536,2.251725008565195,0.47867708136271525,-1.180000778467259,0.8045703015848366,-0.6751139521434614,0.21956654535554876,-0.040530803355272704,0.2503702856877377,1.2328637433090093,-0.2215961699981027,0.9956348061178324,-0.690115541151946,1
0.5645925270560377,0.5208968290880198,1.790801721178989,2.498374440296732,0.40395402073561154,0.5654604191690931,1.83622583973002,-1.9171598806970662,-1.3416209467569649,-3.212216651007081,-1.4855391595222738,0.14116901883264016,-1.7564767207463141,-0.23977101289359176,1
0.5411595068506994,0.5752262722069088,1.3140772238697993,0.7542384999870986,-0.20294194367537022,0.37604436962261134,-1.485055479127436,0.3839509744438747,0.4002931358043703,0.052200114963939226,1.286842262645503,-1.9097629057462808,-1.2794967959138979,-1.0320322451615775,1
1.95205365313989,-1.2517772906190467,0.17329495308310539,0.21758366603855417,1.190413563293744,-0.7605088480713647,-0.5607541640877456,-0.466185982469542,-1.5512674873110182,-0.47051706488367545,-0.06331985971095996,-0.36571678564620924,1.3991363816960873,0.9543483290916974,1
-1.3203560123861449,0.03636155563119592,0.08484388415407385,0.7988953454811697,-0.022247794849210738,-1.5628843453398495,0.228770028928938,-0.9215045305486382,-0.5818854281670828,-0.8236061356324311,0.49527294606859795,0.14563031434388482,0.3932297769848273,-0.861982355313375,1
2.112965891660264,0.7549393488092977,-0.03081372027115381,0.9430454587864711,0.9674662729250108,0.2929338234972916,-1.588897564178725,-0.1923953304424335,-1.0258617720409438,-1.2140055884749483,0.8572103535566122,-1.112044254359201,0.8353769939022309,1.186142502118831,1
2.0491736214413496,0.02404118388509513,0.08942511607855141,1.5585489592742234,-0.12380929432965958,0.7420289029794906,-1.8779887659659078,1.8662252008585285,1.4103603822391435,0.40642258202587717,0.2108646020880872,-0.17621305896197587,0.4003099083096733,-2.861518370100673,1
0.7784638842691994,1.6474846907094745,0.9863532082047033,1.701663648089567,-1.074766013817714,0.87654360408152,0.27009543419728654,0.5964078814806659,-0.5628615565274158,0.5843338631536124,0.30225821848546125,-0.11335399783980703,-0.05062811305699102,0.7065325128978275,1
-0.03507811404064087,0.9879153492117325,0.7893099856368432,-0.2158909241041307,0.41197158212675383,1.8594948076233115,0.4685527785062026,-0.350099118126421,0.16038170400448898,-0.22803056781497827,-0.07476892156472781,-1.140206856651158,-0.14140267082537805,0.06755548408082447,1
-0.5634779478686884,1.6857490352746618,0.6490476177820219,-0.022280281647329536,0.6578880104331793,2.710745527218326,-0.2138045580904907,-0.1619344063800876,-1.057988499815019,-1.098861471304358,0.11493391158101274,0.16191936728506806,1.0393690449185533,-1.0860345530341475,1
0.9038210630766678,2.1280188573493026,-1.280737845371923,-0.4966386899033264,-0.7978827636184951,0.4277963982471327,0.4389910293888949,-0.274618402015506,-0.6848750700795617,-1.2122426529923884,0.17570045616484992,1.289929698618241,-1.7346114969371953,0.17964668078005355,1
0.07711355810473242,2.4611788667203287,1.2825869829192964,1.7673172404612267,-0.5267153919462082,-1.0323970195548475,2.309844422090078,-1.1803662087381888,-1.6941753138048372,-2.3723964315792494,-0.5853785019730434,-0.37071038447310495,-0.904807503214422,-0.16955071570044408,1
-0.14016091912623052,-0.11953587527052623,1.4478137167227105,1.0582743309354465,0.3268434703880229,-0.7322853814020757,0.9159303022795986,0.24783913193247964,-0.8692668919214119,-0.870271016343712,1.8412556144269043,-1.2644303611772136,-1.1696100024788274,-1.3019345701635046,1
1.5487388188641265,0.8123290090715478,1.278143726454627,1.1581190849051093,-0.1091451515613345,-0.25288144631783127,0.5622728719144933,3.0009631015901537,1.9125409572684833,2.1898462039627278,1.727418286628101,-0.46233970552128695,-0.025639060347674214,-0.4027829411062397,1
1.7777673890849255,1.8070082819444706,-0.6198719943917699,-1.2472685553408556,-1.29188226823169,0.3526272039171724,1.9129548077317522,-0.7763982963422946,-1.5355729815613712,-1.0376374360653253,-0.9444228784030915,-0.2351506466144354,2.45824360573656,1.392070920974255,1
2.001745397651507,2.1877250932619363,-0.02062301951333745,-0.8598354065456286,0.46617766219731077,-0.3762121037834645,-0.507105280428242,-0.024528912913006407,0.003138111475003702,-0.7817533464144395,-0.8529378177922723,0.6475741030616857,-0.8315227726663764,-1.7763676388462208,1
1.099034821007201,1.9308382263505295,2.7975945224343146,1.5162975721014509,-0.41033997334510935,-0.25396267804778105,-0.377806532758272,0.7136338641348243,-0.3028003569828579,0.14509603814822475,1.0195109176646295,1.1600928466435507,1.0460522510478993,-0.46986524921957273,1
0.628283303414305,0.10686937841513733,1.0114512916706544,0.7007352961147436,0.9163114410745667,-1.7332091032089831,0.862000050412134,0.35950992814457405,-0.39700469803228544,-0.2693967852928025,-0.16677573400198623,0.7497655536581233,0.3914960373481072,-0.3936374712970443,1
-0.015067905728816111,3.0487556508632867,2.785168402072131,2.1360486835554284,-0.3796865251425611,0.37694778569537224,-1.1269879102008638,0.265612242608699,-0.01853034912015561,0.11212774404203357,-1.6190718201181646,0.11387519414201226,1.0790096392361133,-1.1975882890341571,1
0.07914960219087241,1.8550193242972788,1.6396264094979018,1.4425456242040529,1.328631066849436,1.245634960171873,0.9595905257500736,0.9113860547468327,-0.05124262058509094,0.6845991905490197,0.638759381675977,0.33154169513369264,0.7501482632323336,0.8719754997190072,1
2.249665267043777,1.6353711428612774,1.7400142363043356,1.6369062833722101,-1.5147547757935393,0.8291210710660528,0.4048550876357089,0.7641657561858186,-0.09476223205228967,0.227965545384104,-0.694465241925353,-1.616959400164946,-0.5335195256828793,0.8891273175270074,1
1.340791408002106,-0.7836111297141835,1.0836210774105572,0.4438080411508748,-1.6052712471325676,-0.02429738377081549,0.3645344890332625,2.6965866829708505,0.8309791572585763,1.8557763545254873,-0.542003903525971,-0.6940433238576419,-1.8213503419246384,1.752647554550939,1
-0.2798409576400205,2.681816619300824,2.7289953408857035,2.359220600295612,0.5560752738231508,0.17726136694885572,0.2912314168473797,-0.893171161238105,-1.1062494983586921,-0.1678661545094638,0.8257136414253099,0.7698959812747644,0.9677253867794737,0.5767083615434017,1
1.2552134168558746,2.3506251209526567,1.0120531806018256,1.2027972768977793,1.4736113922530956,1.2260339099106798,-2.8670549537827434,1.488668524467307,0.7712334023923391,0.5773519859053193,-0.24432885517952907,-0.16376410412220166,-0.4275643645921248,2.634740754415,1
-0.09347137046198295,1.39699130449884,1.060385928424417,-0.30265211683446447,-0.317438554837682,-0.16465102754395128,-1.7520985727269711,1.0310472004885542,0.15152360684344734,-0.022679039988427907,0.5559120312994426,-0.46380044135143456,0.4654967741662798,-1.0108689178563175,1
0.9488028881834031,0.9202704361431915,2.7975611666446403,1.8942133285134095,0.09418305823231217,1.2487577724105066,-1.0865678595905903,0.7101243845251302,0.1650517396905855,-0.1492159496920265,1.504506718589227,-0.6610690958071401,0.5010854326224657,1.0659776297431345,1
1.011445439091466,1.248787309801083,1.044212378104198,0.7970860152044523,0.3364009386898723,-0.9158234772964378,-0.6719120236796768,0.19371817931531587,-1.1832479834084342,-0.3555989650896811,0.3847685442049928,0.09446999181963821,0.010802084856015158,-0.056441096887107134,1
-0.08242719738828685,0.8489481223930707,0.2539017433474866,-0.2503155389231464,1.477393634170035,-0.542557820111825,0.46221248901062467,1.5453232619670603,0.8531784118101765,1.4589479638121294,-0.5766984889275022,-0.44948342976970423,1.479590373650935,-0.10853663268515668,1
1.5112218145475347,1.391264659933235,-0.7867075113680779,0.8773153625048727,-1.871218116060987,1.8623175613948801,0.602652446306499,1.0878676370807274,0.5834242077786537,0.7802877524467744,-0.7857962693827731,-0.5162975968615086,1.100370680697223,0.6756066331644784,1
1.9957013858999235,2.059223738896321,2.025836842885239,1.0389132069014597,-0.18249984265026167,0.5755465099998948,-1.4098194289478103,0.9084599805817921,-0.11380157671773689,1.417436452683139,0.5603291782322569,-0.25752119890979147,0.5733624701729451,-0.643561124950648,1
