i1,i2,i3,corr1_anchor,corr1_2,corr1_3,corr1_4,corr1_5,n1,n2,n3,target
-0.8619495869122353,-2.206650772907162,-0.4162154708602095,0.9038210630766678,1.6991885236171442,-1.2322976161083214,-0.8572118485849628,-0.573917325813543,-1.0937370617166706,1.0269057463206197,-1.9215045305486382,0
-0.22610195027545288,-3.117701855320503,-2.468846173528985,2.4611788667203287,1.3599052575640513,1.8779736896426917,0.2793641635876506,0.11192309189090788,1.1289911009620173,-0.05510209904228934,-1.1923953304424335,0
-1.0388262634993815,-1.482909259010249,-1.1834678241709555,1.4478137167227105,0.8419150804635745,1.321701483406347,0.7563468112666005,1.115930994957588,-0.5831150723026911,-1.0172243411016413,0.8662252008585286,0
-2.0197105942402467,-0.2872686918038382,-0.38887473123771843,1.1581190849051093,1.441359324234444,1.632905544423985,-0.4330037448262064,-1.2474252396714853,0.7324278097628383,-1.7191611338760466,-0.4035921185193341,0
-1.1006359691054506,-0.03942545969863387,-0.6991573244146212,2.001745397651507,2.085521942995706,0.2798505962073772,-0.6265227550998592,0.8556518948863918,-0.8631856623442771,1.2935099684593703,-1.350099118126421,0
-2.025959129549905,-0.7979158825841679,-2.1255492674956655,1.9308382263505295,2.6460281478387193,1.8193907906805866,1.1107020216245684,0.5571019901894892,1.604229104685014,-0.033294739516937566,-1.1619344063800876,0
-0.2882163653593942,-1.2165925776529196,-1.3515290302119274,1.0114512916706544,0.3699358515957109,-0.339427089089418,2.313586452282755,2.312867900040694,-0.6772741840092779,-0.8016188407684506,-1.274618402015506,0
-1.8475962110706081,0.05587467200736351,-1.3211961487354689,2.1360486835554284,0.11436010868720736,1.5969144330255034,1.554847874590494,1.4272661355402985,0.09482685973037566,-1.2279155506918433,-2.1803662087381888,0
-1.594994488829774,-1.5188002171548964,-0.634357481113318,2.249665267043777,1.632985817468687,1.866839048007335,1.9090241514837953,1.6919223063813487,-0.3796764708481731,-1.8028561964178826,-0.7521608680675204,0
-0.8012226023025883,-0.7539340550706783,-0.735845663658784,-0.7836111297141835,0.19666688162349139,-0.3677329036977759,-1.0955615019793696,1.366276055335317,-0.9091028886033559,-0.8712160720258142,2.0009631015901537,0
0.9749809342037945,-1.5730816830512824,-1.678909395738204,2.7289953408857035,2.4672932129922636,1.7199984174446634,2.7785168110706926,1.7174811895243074,0.05641156716957076,0.24537100899533215,-1.7763982963422946,0
-1.9804393949145445,-0.5506872440911711,-0.03769437394577513,1.2027972768977793,-0.3302852261103686,0.8538007936994821,0.6290480103858933,-0.6249973421049089,-0.6539631336369219,0.21530262994151197,-1.0245289129130064,0
-1.2806141243215419,-2.0068231436291946,-1.9911478823579063,0.9488028881834031,0.5605645067112305,2.3007636989618945,1.7799886592280099,1.068826039863942,0.9080628435179854,-1.2026965859010301,-0.2863661358651756,0
-0.5160738788419656,-0.42341249546322446,-0.6235123983614718,1.248787309801083,0.7687929103328824,0.5612206268681428,-0.25304650202448453,0.4071048316463719,-0.5860516399755586,0.16432065938191598,-0.640490071855426,0
-1.832176373955361,-0.934505343599947,-1.0499808575259386,0.2539017433474866,-0.7645736869842036,0.6406322142811477,0.6314036796267147,-1.3124724326452415,-0.27089362707093734,-0.23613009177798555,-0.734387757391301,0
-0.9479780699376538,-0.2952378887184769,-0.9430711178919845,0.8773153625048727,1.5650139903976756,1.8307444851651196,1.986795415544858,1.19930498223575,0.48509386849711267,0.23838837483742528,-0.0886139452531673,0
-0.48775310359477186,-1.0990875971777754,-0.8775472679766826,0.1549546720308489,-0.6353155956060793,0.49297475531036217,0.5984744901313261,1.431333292969216,-0.4304583334619581,0.796544030519997,-0.23583424381418136,0
-0.5353784408281264,-2.623822486522333,-1.486337883023968,2.0999796503420836,0.8558365928179379,-0.18878109246906138,0.47818905409330803,0.8838467159923651,-0.3066972878259372,0.10469002988812601,1.6965866829708507,0
-1.6370393209594623,-1.8055445149100087,-1.4418089178933504,0.7979167546105959,0.040079979151116496,0.7120773794244477,0.08147468715607697,-0.1319588108329488,-1.340356208021204,0.7698568930553547,-1.893171161238105,0
0.32827464456772915,-2.03249778235991,-0.19838831207518592,1.3114528343034395,0.36194016615813546,0.8967112212322906,0.9812913489355095,-0.2892012329309176,0.21727315822862395,1.5750828276087308,0.48866852446730713,0
-2.8495364382824713,-1.5015516966524416,-1.0039136015616612,0.5187588761345878,1.879160245451081,-0.24129763130024318,-1.2751402400349257,-1.3611523873648026,0.1706250785397928,-0.5604494688030756,0.03104720048855424,0
-0.5804443353073886,-0.45544008687381177,-0.3733194314667415,1.029109946576669,0.690206984220594,0.5715682307147768,1.786861942118366,-1.5866062763028839,-0.2520628154033563,-0.7859766079313554,-0.28987561547486984,0
-1.5153917389151044,-1.6290184593312338,-0.3086907854095129,1.3959338744308236,2.260278070350754,0.08091342333912288,0.604739089584915,0.18360602363788242,0.19838116062643954,-0.7672170685306403,-0.8062818206846841,0
-1.3579709915482816,-2.4423529900045886,-2.2999538806701474,0.10565395392247123,0.07244286638346586,1.6500463227803275,2.2682845301772763,0.5202321663105369,-1.3602434375921744,0.3907250260888961,0.5453232619670604,0
-2.086118952668278,-0.6695059226129028,-1.0242409305961016,2.90506021406447,1.2574366569943773,2.8723044799196487,1.4842708992347167,1.6389783405829588,0.23166044423651747,0.9651704927286658,0.08786763708072752,0
-0.4761813125988985,-1.593919313003201,-1.0081269755899525,1.3654744726428345,3.7940562788411314,2.264784637278134,0.9975342056107853,2.378018406651994,0.3920109373657567,0.30383742563756283,-0.09154001941820787,0
-0.54107627269933,-1.4760132063869051,-0.7098914291092553,0.6381674629156585,0.07623913723520981,1.2921867498497737,0.6548866311815109,0.8469047572945025,-0.5308218281296473,2.214152615791911,-0.4519509798535085,0
-1.8285926077333179,-1.5297205132317386,-1.5484045606649959,1.0139852218652925,0.9772562022950897,1.1379348749557177,-0.9289598711425128,1.1233841795539568,-0.6658777111204364,0.43400982345010697,0.25185441529500513,0
-2.3625063122557064,-0.679694185881085,-1.6360690068693906,0.01798058016969939,-1.0184907147978914,-0.0011356246016674953,0.1390680892067946,-0.5846834577037232,-1.4047915476103274,1.1226782545637386,-0.09419457535083331,0
-1.1541725479389793,-0.6859200077607578,-0.7201354906367227,1.8310318576679743,-0.379063152338032,0.24131630982410956,0.0345528984941702,0.40674566085543157,-1.1109310952157205,1.188784114353874,0.625675571596154,0
-0.5012815576938805,-1.2651521511760904,-1.5899649787108205,1.2788642846472387,-0.22582851335238763,1.1992490080656761,0.7300532326484859,-1.0565379519484144,-1.2645419919479142,1.7771828402577243,0.6587973683661927,0
-1.2463848775730657,-2.8540011006246964,-2.613779139089754,-0.958591440397031,0.05265150815297692,-0.13019481034662972,-0.0382576517686265,-0.018961984649546793,-0.010196115625046132,1.5902188056217794,0.15929778382964058,0
-2.489366279021069,-2.1639134942681486,-0.7668924399432302,1.2255598395101808,1.623648860625916,-0.0898397084352287,-0.3008302083917307,-0.42024946004034835,-0.02808307510403198,-0.660300116021989,0.5818504393070786,0
-2.0721457220267276,-1.5448292207060565,0.13256163111939867,1.288916667168707,1.9262599050738172,0.6255665744880561,-1.3104245312471847,-0.9586964357716987,0.4766029673239799,0.014680139889711287,-0.789986353867603,0
-1.5229306377280927,-0.4291510981995802,-2.1002843466765437,0.1669632772039884,-0.12996966965205536,-0.08655752819576346,0.2761910407046748,-0.06900829607596892,0.12992985416607386,-0.06979878576213788,-1.333474318734201,0
-1.3721042245342967,-2.116688721577248,-1.5056997425672292,2.049339610543407,0.3219032711683968,0.030782277769503152,1.137293236084648,-0.6478157502217408,-1.4718123513241856,0.5651533788097695,-2.601888315051689,0
-0.3263585292092712,-2.8939870898590154,-0.7322430231208095,1.3896917053200022,0.8667178105136957,0.6678232199037876,2.246679967941238,0.43216260863439204,0.20541052696125997,-0.4780830577538245,1.3082466068799101,0
-0.9289310643343889,-1.7608166223634611,-2.6127245210551213,3.0602981705240784,1.0550223512374004,0.04834234706368867,1.0947432486791255,0.037210640645539805,-0.49346820915387574,0.659484214251896,-0.3969138412377916,0
-1.0945371589527972,-1.6961593757304692,-0.9339904553119628,0.24824415218649976,0.8051996715397569,1.042756812233834,0.07609794766309985,1.4078191230919064,0.11374815348614345,0.7368365309200512,-0.46255571632458015,0
-1.144814521143224,0.4351122246542487,-1.406022294139691,2.1575077580211337,2.369377674787177,1.8200307268107707,2.683433190835307,-0.09155249137372101,0.996554884498404,-0.9936978771064832,0.2945928425583791,0
-2.190164159288532,-0.9873910317103506,-0.9466699826949015,0.6820934513715374,-0.2704614696989075,0.489624480639548,-0.10171256846692,0.15252444995926523,0.9226397227878528,0.6600374917903349,1.9164448767354103,0
0.1925209085737698,-0.3315554207520882,-0.8097956075171574,2.882174880204049,1.0547308937304074,1.5765631240931453,1.0723174473823338,1.2838964071375387,-0.7634393173106605,-1.379149251348588,-0.9943351084951194,0
0.29663622455289507,-2.355429720989518,-1.8064181994164143,1.0060166804360715,1.08145970233235,1.847321359454201,2.4900604092778944,1.469071189559741,0.660442566548437,0.4979229342693786,0.10225665964741577,0
-2.0932426080721918,-1.5564764698224347,-2.5433528142229758,1.5895468860356021,-0.2690099082898094,0.5071410226549966,1.4502876597675969,1.4730697772273085,-1.12295704910713,0.7668672933290608,-1.2247047776505404,0
-0.5315157198522624,-1.38888936376544,-2.6374729611693244,1.2116097327950501,1.5610296625006668,1.3793332022451714,2.1231577806156885,1.4271892064477738,1.1589495823768998,2.857438423139865,0.3664511465715505,0
-2.1822457478742083,-0.8531528192164715,-0.3285400987722856,0.6443016844289653,0.8656434425013362,-2.0877342187181016,0.49106136552357216,-3.1224606970721585,0.5831081356577431,-0.4928597688955594,-1.8102133210868163,0
0.8300642250251198,1.7471957993406628,-0.7522572333906703,-0.723463407405418,0.5659015529163627,0.6908461050384956,-0.7095206370153749,-0.49305550743663495,-0.6027193630302223,-1.0928952410987494,-1.4470045764150157,0
-2.156204786698531,-3.298712947397976,-0.8989552043228309,2.370540988614132,0.6014077761411565,3.051660810463013,1.3779851515669745,1.711896011516185,1.7223599419956492,0.272862518025773,0.37968758061398367,0
-1.9796077619769927,-1.582023926846352,-1.7787634657264748,2.6168743984986076,1.262035018866193,0.24873443715200688,0.9242002513150286,0.9414708335578303,-0.30902236519624954,-0.17287108244343635,0.9645506822393334,0
-1.3074575530830521,-0.10068643587902315,-1.0096180992213222,-0.3647416522015654,-0.0014899407610829973,-0.48944285838820356,0.9326336731236431,0.2191835729000322,-0.03233711869521544,0.5306939380247327,-0.19600429784501586,0
-1.325301503705355,-2.2023204194924784,-2.8413496113710237,0.7172042508524299,0.4658509658838138,0.7640807013429901,1.177764198372037,-0.23075667902942776,-0.3421528907320472,-1.406914165601862,-1.977749062367128,0
-1.6529745757399976,-1.2204492174849872,0.6012632469132162,-0.04158763262127185,1.3933013155077008,0.21317468698853798,-0.7480508917630481,0.7044068370950681,-0.2615619010664018,0.05649669199323269,-1.286130036708791,0
-1.036392145193781,-0.18392715564360917,-1.6659622652058188,1.463369806032687,-0.6692175515632962,0.6802368772251968,1.1974092347497822,0.934791469722754,-0.03447486503463288,0.053752562990502024,-2.156008006059379,0
-2.3516104330836916,-2.1317834288990385,-1.8918927312024199,1.6319814837613953,-0.4980121001476704,0.8529218403871316,0.34694359782743617,0.10971925966070639,-0.9151246594795012,0.4072638937354685,0.3870587293957439,0
0.9618030657684977,-1.988053345891053,-0.3281774629303218,1.8705556094197267,2.3242854249460305,2.917526423636149,2.7826262727734674,1.6394458981766606,-1.1536749163997606,0.15844805049973495,1.0224072253604721,0
-2.069593844753693,-0.23509365379242264,-0.7817157005608035,1.352720163026343,1.489299243577108,1.0522950277599668,1.0997142175303447,1.7060207941125265,0.7770729589908982,-0.09528578701393456,-0.4679763133242924,0
-1.3233045643247572,-1.2074291928021008,-1.8214543620960573,0.9407173539740677,-0.061499394764786386,0.10215441667277703,1.0122706176835603,0.4933518842716529,-0.6293444843345044,0.4678197829096571,0.19510397314288802,0
-0.7205944651845861,-1.6216501470074467,-2.392272430433915,1.340209976868338,1.3932586469840254,0.5668441118541111,1.558610857816324,1.2841388712267094,0.6294040061022004,0.13187381312115198,0.8187639503474419,0
-2.444604240986286,-0.9940787489445473,0.41242458974376817,-0.23481308691147862,1.6574079513616917,0.1474724954086818,-0.9643022591715563,-0.6693264249049617,0.09459253295770016,0.7846887161316864,0.8708227703666389,0
-1.0066750530932285,-1.2853049927765494,-0.8808405270641239,-0.02104516067832196,0.3954374224630375,0.11618076828939405,0.03519166979760224,0.8167997291177397,-0.8045266302248135,-1.808144046870746,1.5434928560145533,0
0.13933507504015807,-0.9472841653028103,-1.577593897500404,1.339875361192704,1.0554338584208425,1.2171308541987675,1.4893891787401186,-0.9163509696134591,0.2566587307122617,-1.7144858954961215,-0.7138194972187111,0
-0.060377956606777916,-0.7379102282050533,0.36908932532932526,0.6355617477355389,-1.53713852678852,0.10938243651438784,0.09754828732799536,1.0074750640480543,0.7718742923698284,-0.279676831132893,-0.5120614193191271,0
-0.9834322294447606,-2.391135698387167,-2.5348258659123317,2.1876343927211206,1.201706182144577,0.6016930057676554,1.440963055965899,0.558274780332112,1.4008818603129667,-1.0472871463838105,-0.7981533577548339,0
0.4842612655645828,0.5569990541166303,-1.3461858799492674,0.9986073485566511,1.592277091987893,0.3641462054261872,1.5389376703407742,1.4953045261910456,0.21138647504826755,0.39045493205388226,0.4963430343407315,0
-1.5498539878026545,0.29477762557553544,-2.2737123487101547,0.04520818286917849,1.2945790385282083,1.2415527526165104,0.827238787656461,0.02775398023213249,0.9112380445689469,0.19857862068151685,0.48938393893840915,0
-2.0613936856224933,-0.5233398719776223,-1.5612717895262564,0.14079398142443,-0.11867841808422253,0.7927029864414846,-0.46818407872248125,0.6244920004063759,-0.2592092593150832,0.06269830323671424,0.10753418005363442,0
-1.171788533386738,-1.3301095651911794,-0.8290921178677332,-0.24175552887839258,0.08478511559369495,0.3495182314078436,2.5157078293589534,-0.6364961244090683,0.21509813581903608,0.7725398075827608,0.555145681944831,0
0.24081519464705003,-1.0760817597649213,-0.5227278733898089,2.4720145664901336,1.236525719415548,1.5214311652566974,1.3388296290553394,1.613434581545721,0.0442170029001831,-0.8091259849410398,0.06767125806270954,0
-3.2168387676976895,-1.2153850685967846,-2.009896936959538,0.8463148956379822,1.9929507343421822,0.5154908731547352,1.911616824029446,0.42728515284705093,-0.028017784895743934,0.19318157981319836,2.206525307140402,0
-2.3854797270902948,-2.0448190335954175,-1.5007901073674788,0.939748153598713,-0.38868185826989377,0.8334861678595338,1.8274757554258776,0.6133904846521088,-0.5237727785412354,0.42228901912535954,1.0684620672442982,0
-0.25076412431065365,-2.493059384406231,-1.1360351740722492,0.8031143012960904,-0.47036172851487745,0.1479298047858829,-1.1117602309486512,-0.7456296283993156,0.09800191409938289,2.337845119172165,-0.3780392917314767,0
-1.6508361000002452,-1.4943397610286275,-0.16390884136206263,1.2267860461091353,1.9782750070756747,3.6310817231115156,0.9972788056337357,2.7049171017659726,0.32408922232004705,-0.798805744892982,-0.35152473514329313,0
-0.6285512296627407,0.17073144077607694,-1.3211723459165672,1.243752480401648,0.580825481498159,1.1065548311159712,0.8563472025411636,0.8732828957305852,0.2489339103966579,0.8463040623077297,0.3190948340235742,0
-1.8626092783373698,-1.3905254835471663,-0.9241698753954452,0.5916668371733308,-0.8042307644787393,-1.197864057197822,0.5814358819642862,-0.2041331529960435,1.259114849334736,-0.09496531059267174,-0.33216852983900536,0
-0.9900933082129557,-2.2510547389000335,-1.0761768850387925,0.4039111003438334,0.48126797759808054,1.2260891454564795,0.8106145943769323,0.046579989117892295,2.7039851072793866,0.39423764944203077,-0.7194815459785476,0
-0.9384383365277615,1.3508073708672537,0.7101779446150034,2.2262929556489497,2.5263156410292953,1.8397669657232438,2.3740965428679464,2.7097571490987975,-0.6942637622480688,-0.9426799145313405,0.9365693558567879,0
-2.0199100172254867,-1.4540500282158428,-2.63010866850367,2.1300993164045137,1.5768238702580684,1.6947922515716294,1.7369200675246104,0.3150995719127331,-0.36437729289324183,0.12736247565648562,-0.06350867443826871,0
-1.7573736806301532,-0.8510616630763262,0.039186954221566817,1.7007231568595857,-0.43116635309743223,-0.16059726730442014,1.6467368958897814,1.367425059217675,0.7314924079409346,-0.8467440928840201,-1.0755722861430155,0
-1.8957505044102754,-1.8208131067344633,-3.313955696405322,2.4873982896858626,0.8390394390167571,-0.017899366185804122,0.6514460895960583,0.8929900106259692,0.22429730718159427,0.600959284699897,0.33253231309764075,0
-1.3293325872115744,-2.22908107852623,-1.6961060940327406,1.0789887163400096,1.7571396622002462,0.6031313391897923,1.2161300208011223,0.020879389124639047,-0.8094537290973276,0.6774848420913938,-0.7438609270956342,0
-1.0435274448342549,-0.2609292209192237,-1.924395058023298,1.450317278043813,0.9694228402284897,0.49335859483176014,0.7117875173825903,0.678838782612098,-0.5215386447863833,-0.9439535247220022,1.3011583486520308,1
-1.6337119120576573,1.9625804453616313,-1.4540892479406977,0.7298448706629038,1.7278628766132118,0.9328965676261571,0.8460384744380742,-0.34326581738326933,0.6334215410273492,0.6049933756788733,1.2472114211424503,1
-1.2634522451213064,1.6702468616546473,2.7384005025737403,0.10579264802052268,-0.16183635287521103,-0.4844567557860757,0.7113963930070252,-0.08942827210762117,2.8126492482387233,-1.7092261039101555,-0.7383765808771081,1
-1.3382332954920084,-0.5349156234546972,0.1748888842738428,2.2884442493182524,1.5979576940318845,1.6094777769171875,1.5566258956046721,1.5668068241217132,-0.6161750841745238,-0.8508196223826928,-1.0775832476037126,1
1.5620309777389256,-1.1535237450949043,-0.4119445126087765,2.718795003049859,0.1986039001485873,-0.11633973376376816,0.48779079565218253,0.7234569427506127,-0.2996530640553656,-1.216603715289405,0.3350423675374132,1
0.6106709093950773,0.2680994077999519,-0.542822737896766,1.6901044247640122,1.4729057305832125,1.0373190899084783,1.8683819333347294,1.9670858900226913,0.051698321428614635,0.4810286647636553,0.5077284516382525,1
-0.3004896311827079,-1.5415624750366486,-0.40484041064133197,1.1840578312715655,1.4682962941321485,1.2545480707753867,0.7989290952084556,1.4577787089817469,0.6030068534266765,-0.3734089368238823,2.1211434026336673,1
-0.43305415667562186,0.06550322295958921,-0.7219938854856828,1.1106131225786777,0.7303668245064076,1.7016031137063496,-0.48346588353351183,-0.19693636116148694,0.23443111648209775,-1.862484752624795,-1.0023757457662175,1
0.30487185587847226,0.8460491511531618,-0.011237338998200702,-0.1870704263743701,-0.4383884932828396,-0.4382716396118689,-1.2396210751385657,-1.1455250849457213,-1.7405029890278156,0.01733462915130733,-0.12180522405333363,1
0.18508974173253673,-0.11351131908879938,-0.16658227357525257,0.1391583214764298,1.8043434489782832,1.9577906206581364,0.8905013220500078,0.8335381832553646,-0.4684256978994578,2.010926112400514,0.5489828740769108,1
-0.8882247002095142,0.14982759500664128,-0.2639532650801562,-0.14920399718829414,-1.5151396791381244,-0.7764155324348734,-1.3241096326801758,-0.929583060367529,0.7260983614463344,-0.9310734879421032,-0.9991448913310123,1
1.926501642263928,1.4066882358085757,0.21917988588983406,-0.6002058490434774,-1.0123219034393807,-0.5822897152659137,-0.4032551384212616,-0.36149589695632933,0.03680549909695475,0.17300713965222583,-1.856311567114457,1
-0.9297238763614343,-1.2790781386500847,1.0244762864221983,-0.3204889841570373,0.3380062048871689,-0.5285908268678086,0.2538240598364895,-0.09253664134204831,-0.18030702284953407,0.014072082873504806,-0.21514916577112894,1
0.09608255848047176,0.3134767367249441,-1.9112526536408594,-0.3763874990779479,-0.5373007802770776,-0.15348194513066216,0.07924621018323119,-0.33657367212380385,-0.8133904123466764,-0.53953518192114,-0.17685919357279603,1
0.760771814891514,0.2877536715476962,-1.2770973510811447,2.5317788906010525,2.4437326263504855,1.866678820454308,2.471522230905659,3.2477856438471915,0.09080002361004777,0.604791582550568,1.0808562049508712,1
-0.6381914741166157,0.09705053768985283,-0.11419986831042311,2.960484600783027,1.147352691363912,1.073449727428473,2.444499524470317,1.0521953116193072,-0.2943477235272498,-0.45615619611535785,0.43765567353430623,1
-0.45883785247022174,-0.2701549347326276,-0.4186440448735521,-0.322541133291679,-0.6210100552495655,-0.13007409123536073,-0.367945822297849,-0.7480256427335576,0.6108449164108543,-0.4342004332588856,0.7903934769661722,1
-0.014104154564198168,1.3048253063264903,-2.733325107597964,0.325787538275491,-0.3286783427262292,-0.5886005414697022,1.2567230229783648,0.3026329068536932,0.9795853411559731,1.291686465658673,1.7783209067198225,1
-0.403516931176351,0.009845754705780224,0.12932732302043276,1.8867590544047386,0.9234409613559875,1.0210892505885036,0.6822119181888604,-0.6168606649585806,-0.8664161386594389,0.01389820933251119,0.011277696618660139,1
-0.5385812479879566,-1.9233884491452493,0.1613288170474429,-0.3780092768478662,-1.6056660685086834,-2.295980301001477,-1.9834015374054292,-0.6387592366549999,-0.0980735685325076,-0.6492629196101362,-1.4855620032310715,1
1.5606835474975183,-1.7005280715828044,0.6971613470315215,0.9555638322956456,1.5425223534468118,1.2810547082062271,1.5983246880126885,0.6399503462918023,0.0926794460290038,-0.7683556595479125,0.085993480747625,1
-0.49519188978956064,-0.22799101249551404,-1.2195651773706158,1.5239509541926708,1.5391525194162006,0.8709678865627617,1.5046848719369974,1.543455738270556,-0.7940435416988534,-1.0996583458443414,0.2342983603768977,1
-0.5011228390225434,1.1333779280322918,0.4159885753210403,0.45044737886991715,-0.5345230781490203,-0.8202728400722934,-0.20098273827059643,-0.07928305025586357,0.15092152680649595,0.579281971320933,2.1858637664176253,1
1.5656449387432774,1.010745222311027,0.27242001226290946,0.20747416954208553,0.11619844664342627,0.48954460993928295,0.6309452942466306,1.2391916020244236,0.2772895312108468,0.4850817670641296,-1.0775613288673254,1
1.5772678595011254,0.272326492071632,0.6613215101303922,2.2769808321980434,0.8308022689553265,2.3603058452067636,1.2732653876185265,2.1278736889866416,-1.2869074405363745,1.5828294467733337,-0.9234797799333037,1
-0.4632376202013751,-0.10012085080746191,-0.8640904899669436,1.0679866260510888,0.40523790615497157,-0.5848445869850531,0.16124909114484864,-0.7366205115820803,-1.043944071468642,-0.03909892121655298,-0.09019241337738836,1
0.8229172679281863,-1.3449702897815323,0.6156836757509946,1.9672992358427723,2.412296882010963,1.269707379082412,1.8446251113617653,1.2242909065853067,-0.9025065064432917,-0.3049732187131,1.2293757176501043,1
-0.35731772417182617,1.0045804268006526,0.5842023220645931,0.3715152698632104,0.7651413352293459,0.4279217733069116,1.548193853387755,0.38245338050167976,-0.8059936088317976,-1.3936724843661716,0.9425936208997923,1
1.6539794909801349,0.564108024471978,-1.7387069223199074,1.9993363324744893,1.421083321125046,1.9112606255635602,1.2856563379717223,1.4361874078225443,0.4922969119380367,-0.6205186206486616,-1.582167016126918,1
-0.2336198395648676,-1.3386738592614826,-0.6849465090329414,0.8845011207010652,-0.025932623562681445,0.769372224911756,0.8885291057157272,0.9001803982070923,-0.7446233564385631,-0.05470443684927131,1.165672089883819,1
1.3445617666100549,0.47086714423102927,-0.8655970952454131,2.536965653917645,2.7628959711044185,1.9232522625448594,2.347901066132778,1.7550381253699552,-1.036581974869657,-0.08451988151147344,0.675144659894898,1
-1.1803840331070656,-0.13388457379040594,-1.3832268160477945,1.0233553161145554,0.24002274141724617,1.5595093448331085,1.0586787519376075,0.7162694893246411,-2.3812673401219207,1.0337861679388998,-1.1824505722064373,1
-0.8378069440632478,0.14534280488457713,0.9886453694400295,2.193618571856377,-0.06261566246405537,-0.44832173879582315,0.9951238959021772,0.6133382162905264,0.3319954934569346,0.24668314961074406,1.084586391463845,1
0.44209480555777303,-2.4579561752647665,0.13770006236359306,1.2504463002607606,-0.11994307706112706,0.43534809758248183,1.7128175055115364,1.212156920908642,0.5509243808935403,-2.377290491729981,-0.7847792471559913,1
-0.09463309343408882,0.24722361870602633,1.4495430149845405,1.1697065451428121,0.4572281708024334,0.3980967555818836,-0.7258444979167714,0.42160585097246583,0.13820512935328008,-0.19497988611978695,0.47761072975677044,1
-2.2299049434714098,-0.7577700918577723,0.4242396561266879,1.845483108481854,0.11860170710661366,0.3632634676248709,-0.03276968691192539,-0.0952715659682295,0.7893665556697054,0.6084517364296791,-0.21427494255446522,1
-1.748261066120609,1.3092823813868422,0.20168994603399165,1.0534816268219003,-0.7991429451086421,0.48945666369938,0.695147625811446,0.14465309762294853,-1.8463370111204804,-0.4554812488548173,0.4163681481389552,1
0.6799173191767373,-0.7376103281884613,0.6470970232995438,-1.4807085099845416,-1.7961003905043915,-0.5619452411338666,-2.8399877984555624,-1.746843782861378,-1.0904472525504776,0.6312747301215763,0.9083932972673044,1
0.9018048893223716,0.06621135347050161,0.0677342260320292,-0.18000077846725904,0.4005583742539381,-0.363573433618088,0.21868271744458745,0.3319944907057544,0.12686697629584257,-3.063779866312396,-1.2780883627118034,1
0.10367657261505914,-1.0300119314060483,-0.31419534690701967,2.83622583973002,1.7924093479514056,2.1356021074568563,1.0573992839136546,2.4600668179003566,1.8861891585560817,-0.546537793028378,-1.984143223128996,1
-0.31918919911902555,0.21672719768682835,0.8331575802436278,0.23949115192863535,-0.28083396980286124,-0.0465351172311913,-0.9895824034159167,-0.13256395032829638,1.2352473883102724,0.013355591543672855,1.1049404889577255,1
-1.225202748645076,-0.2916756969862444,1.3147888809923065,1.9674662729250108,1.5384037812591334,0.3945197926275888,1.069479361262288,1.5442111342778162,0.2769586752193653,0.4585591362121688,0.3630092477145166,1
-0.9102548954792309,-0.9889166839569871,0.03563952516452684,-0.8779887659659078,-1.4301477959559907,-0.3949950875843973,-0.6113440257637962,-0.5265998554220472,0.697488311921,2.2774304485560983,0.9710063359591881,1
0.6777185238186534,-0.1552406111060074,1.1622939237703225,2.8594948076233115,2.288240775337106,2.532770739145264,3.9365094798863876,2.465545778219421,-1.580339317845535,0.4466615152789034,1.1414807681032177,1
0.6901273158998601,0.6751534002233951,0.38744983465742655,0.20211723638150492,0.3989705982051795,0.5181653993463164,0.007507492702150342,-0.3996301229207,1.202700806536146,-0.42660498305909955,1.1649444451881277,1
2.160986433679418,-0.37182835553271093,-2.1701889587331804,3.309844422090078,2.502284817305412,1.9016317466629444,2.828945289501171,2.2864270303089813,0.9277423995512052,2.57251743696973,-0.7500017362485115,1
1.4375876948504742,-0.6243660976234924,-0.0587862223236337,0.7471185536821687,0.8765069315174724,-0.18722709633216927,0.6473945144280647,1.602586204432363,-0.5074005764004252,-0.3061190484599539,-0.4902221500387753,1
1.1428840181938602,-1.768926207725592,-1.4183138807728062,1.4661776621973108,0.7096359789570976,0.5508705910455081,0.5487846477262137,0.5576180883147238,-0.890020749763603,-2.762675505673743,-0.4346994737231341,1
-1.7679446037855204,-0.9608029566920906,0.2729699393503268,0.622193467241728,1.0418934812692022,-0.4577781908700749,0.897367078493835,0.21677854381911027,0.36935805969990443,-0.4932218455059107,1.9353811835291097,1
0.35752117614610424,0.10960751266188701,-1.5794325505590332,1.3769477856953722,0.11101389666460082,1.4623188102898002,1.64483630664438,1.5915227533598872,0.013375812715862578,1.2910290551841355,0.26142041272996835,1
-2.4767701032993106,-0.11231308127628448,-0.6384427003050025,-0.5147547757935393,0.18376333243711784,0.11215267318726863,-1.0541649472222971,-0.3301833626694828,0.826407309893258,0.27924155393356226,1.3687846319035628,1
0.292719105049945,0.5352869595546034,-0.028425234607984823,1.3645344890332625,1.3042721159434185,1.1992476041898537,1.3184088927773705,2.036763706992903,0.05593935013240072,0.4961207080887857,0.3663329336500437,1
0.593466418709187,0.06254470744840168,0.36339803893479994,2.22603390991068,-0.5372822416452984,0.4737491298783561,0.5371712815045004,-0.4808960605636159,-0.2882854581273188,0.4049823189246768,2.234386246197682,1
-0.8713399295365492,-0.34627808049812525,0.03010942999029051,1.0941830582323122,1.6097003631193365,0.3912018410143811,1.121077417218633,0.3686689818273337,-0.270396942095442,0.4194648928532483,1.2577789508694428,1
0.6538618087507521,-0.5604078388912388,0.3545005890654459,0.32808797632032316,1.2367124700763334,0.2762047156226645,0.8336211131055433,-0.5587877160422952,1.1402532809442802,0.011716417719365251,-2.3833887029573617,1
-0.43250545858204575,-0.2842088339947971,0.6628523753574063,2.86231756139488,2.385983020965923,2.0272626914015373,2.489250421481562,1.3220224902481976,0.5167028186484662,-2.2194742586230527,1.469937230941231,1
-2.1597270377208226,-1.4631389947414277,-1.6488520641094875,2.1825307417526574,1.2483809073434267,1.2648887150969448,1.0724916075282196,0.9224039324849581,0.16947387119326057,0.999674019871989,-0.9021111381810512,1
-2.5002827865149717,-0.8449311068218435,0.5827672330610737,1.6946706116284087,1.3210042703102958,1.6508676178667707,1.3645365658493582,1.6450732477421517,-1.5525074733000543,0.2607543841411672,-0.03360343995614198,1
-0.4515507330492415,0.03112341527518539,0.9225508300441259,0.5811512560749617,1.9511337120105026,0.00727705487924335,1.5345690640444665,1.721491263406979,-0.4915408261571657,0.08466128073276377,2.76743589203226,1
1.1610194656010249,-0.2358046013928063,1.1869192229027306,0.1478411940344062,1.6474894262976583,1.3720773423200907,1.537292799099303,1.051348367146176,0.8345255473690577,1.049498605863319,0.8439368915533556,1
-0.07454000823255753,-1.0040648904941287,-0.761067018865402,0.7827738417813236,0.3503746709171743,0.7057115761851012,1.4175019348309452,0.817263074636725,1.4794621438521929,-0.1900716729007449,-2.0547613076752937,1
-1.647203179231683,-1.054800520400319,-0.5246833547410958,0.08855637686270967,0.602728946592608,0.8690909262770451,0.8715683296346557,0.9732356495716435,-0.1885861330060098,0.8117357099965018,-0.9698003951150737,1
0.6369183527119349,1.554103164499317,-1.5488481820437068,0.7290718698421919,-0.20109985917483741,-0.3626454864881832,-0.960911105628813,-0.06395495188198419,-0.17636595048933035,-0.6917697430023131,1.5020292518431304,1
0.2261608015932522,-1.2072106058242011,0.3080304217965352,0.9165512167734063,0.27935257833870186,-1.4460931906724948,-0.8404844501366301,0.40541940819212285,0.7494570154065637,0.651540620643959,0.6216013131209713,1
-0.29775331735439337,-1.997572492514197,0.7616303249018176,0.335373999936869,0.4442565624783558,-0.5990546628115814,0.9571912311674524,0.1415777379511488,-0.037249252552126945,0.1975562825275035,-1.1851845805323176,1
-0.7716673794753978,-0.7005669050402213,-1.2364190779563566,1.2900403964835352,2.5159480666970033,2.5390249249368697,1.6687296647339358,1.4218193465297342,-2.1864419787505676,0.15008113034502407,0.3239902562721444,1
-0.8209499433542222,0.2612237740282505,-0.35591100760307226,0.6744549884804683,0.7882394734008763,0.5187740650199002,0.34082714437419415,1.3861168736078122,1.2092645684253776,1.5713358160823676,1.5699984849989468,1
0.1619953356158143,0.19525518726217694,1.1539949888615002,0.8857901082221631,2.214268964784987,1.3205164590873228,2.4096225882485416,1.7309909224653324,-0.9980235932938778,-0.3522650349497693,0.48033429588137955,1
-0.509452817531046,-1.6435244835123985,0.9005557499053163,1.9629605732494477,0.8085774017112077,0.570569451010506,1.269882301928932,1.6128962618184532,2.5319046777421774,1.480099203713916,1.1193971619983802,1
-0.4981548387639214,0.9479257779107102,0.21671044651580368,1.0402565020004628,-0.23850824521405756,-0.5701457063276383,-0.8118981819815677,-1.2309476740900296,-0.3877879555492906,-0.8831996311551246,0.7889078833832395,1
-0.2978041968700117,0.18210922737962837,1.7843458934596328,1.1094853594470875,1.5320626129285588,1.0639324144980162,-0.317395405967961,0.6213744483650947,-1.10066126423436,-0.23843635098030264,-0.11477794900192263,1
1.9103138623870863,-0.09728553153388804,-0.006476073349591438,0.8372010033673929,2.0348640051932936,0.21928928883872845,0.6673864771583202,1.8552099281537227,1.592912089122808,-0.35469730295967755,-2.4392496385726155,1
0.9095734907997188,-1.0123276994340138,0.16640370595158838,1.4499783413465481,1.3692516354116826,1.220397034319436,1.3925490614893596,1.6701797146607487,0.5044446476624683,-0.6990218531039264,0.042631024437746814,1
-0.19252951462052315,0.14724154479088686,-1.0000354726160725,0.19051368110723366,0.7123996232402537,-0.5367836189388002,0.3201315596855582,0.23535727145054747,-0.08670470084212364,-0.2737039958177683,0.7903405817847039,1
-1.7562341599756357,-2.2396501026579587,-1.2840507796562746,0.38370691180789207,0.2043751079846297,-0.17802527209271435,-0.5385924910499201,-0.2714588517542672,-1.5328648783527072,-0.5170142249543602,0.6840379131173813,1
-0.6253419516059997,-0.45985825331542857,1.7705644957628501,-0.10398863537166148,0.10971225064463797,-0.7611418665943206,0.23180811944092056,-0.8627004428119383,-0.6140847753443682,-1.6088067092699718,0.6685553432567358,1
0.9393267032406314,-1.128757783008294,0.1810417857842902,0.4337050844189937,-0.190481697774873,0.9475119349577881,0.5618379553187802,0.2393467564701693,1.123094630441539,-0.04499520764300634,-1.9608455984695325,1
-0.5737449030169919,-0.45103050470676187,0.018658982748715275,1.4987194410697233,-0.5037519278829162,0.36658860636279084,1.6494994029573522,0.7321764169240293,0.7059697466988162,-1.659887881419688,0.3087992768481657,1
0.45250445030872655,-0.5059251505506821,0.8971848660676918,1.0679131691693355,1.0909619744364203,1.456767823891878,-0.17991413652615373,-0.2723786947207263,-0.8874638247421598,-1.1598392857669653,-0.4419100170796902,1
-1.3086048928090708,-0.1603276043043983,2.4310070599291658,1.2102912910861465,0.28866072028801254,1.4560373254816887,0.6746137345471731,-0.3815416618408918,-0.18329755642725984,-0.6442082503864482,0.5887032782151507,1
1.5564130759586083,2.766547839939506,1.4248535115065415,-0.268013916843997,-1.687787718133186,-1.1336326208727487,-1.1215400472225068,-1.2542961412967584,-0.44606937845883377,0.980190871671822,0.28117316564347944,2
1.9141104286631299,1.2765501389406417,1.1629257521691287,2.0788790390297387,2.145394616778375,1.8182392466370543,1.1062167677060937,1.8761905341073457,-0.697557206596308,-0.8659398838322859,-1.6474962990474387,2
0.5538509366079136,1.7636346922908865,0.48179614414756533,1.5553602285085755,1.2866656612185625,1.605676310214612,0.9461593273043392,1.9399595734440545,0.2907331778668224,-0.3545875472513581,-2.3721955280635143,2
1.9989185696467624,2.4186203377792435,1.6998647405705631,0.04057224685813199,0.11507452148863917,-0.6913444162854223,-0.5703805451361573,0.18527929130678517,-0.5357148727694001,-0.901034029254952,1.5756775921706603,2
1.0470845997776415,1.7872989126420293,1.0246602777869207,0.7391001769991501,0.7832847316472581,0.6947707739581066,0.6144761335915969,1.0893232114315914,-1.7027786118933097,-1.4413507997340538,1.1099696431056998,2
2.2688804587984825,-0.49807275088179037,0.997725965214687,0.7633411753480996,-0.33721789103371835,-0.22382747627054067,0.2053626587987452,0.15827430328186826,1.3567631574639631,-0.7449829387256415,-0.6320858228089109,2
-0.6574786617906645,-0.16172749689387178,2.6971955631472424,-0.5670582502354382,-1.0741052127417992,-1.1180306345382898,-1.07976457577761,-1.4992841466312918,0.6162353965533128,-2.32709979694531,-1.8611936845055561,2
2.228518315305019,0.6138531000485429,-0.1691701227075637,0.3716288918805214,-0.23114714802147707,0.24540199711363792,0.35813423216607676,0.04922407172509913,-0.28073340085071186,1.549890566129126,-0.4357300881667396,2
-1.631195504508318,0.7898378254006987,3.7537483455807354,0.6079602041292684,0.3601365740397311,0.027777685224209425,-0.1568149171144061,-0.20776419471418905,0.10093679173515462,1.133789272564012,2.106884733278146,2
1.7682176047969806,0.7737610472838438,1.7984135428336394,0.3651868360285433,-0.42649752251839457,-0.08415228030502342,0.158479111302255,-0.6367802991686695,-0.5768484731483126,-0.016836723733426057,1.8220552213428425,2
-0.2276250196611096,1.0360099706356978,1.4328108063490717,1.0251287112160334,0.578728846262204,0.7734996227622142,0.6994198621807103,0.15553013182751507,-1.5221992751914284,1.0275810705538218,-1.0183155323612583,2
1.2472326815122847,2.124139455023414,1.6779785595693857,-0.26238929885716544,-0.4713441329871014,-0.0699461664023695,-1.1232422285757,-0.427149725882654,0.10247236710315673,-0.24261904740027426,-0.9580116007012293,2
2.0016593514413303,0.6449610511025738,2.2311487417438816,2.189622005287643,1.6559381684770087,1.9154733780689417,1.5361576867765558,1.6525633446746395,-0.9831019276582751,0.2764143642537545,0.9955393281626821,2
2.9622702809573247,0.36318381368192065,0.4456376776187735,-0.6209135183081516,-1.8287169267826089,-0.9157594837798166,-1.4998197334979406,-1.4243879313197048,-0.1297362031885032,0.07011315873321637,0.5711740662910472,2
2.6691176696535663,1.141989346638273,2.7371547253998902,-0.3864422532701932,-1.2104087761317452,-0.9404597331225073,-1.140803357325285,-0.8417461482951898,-0.9716187730129598,0.739692508412923,0.819343097059747,2
0.8907976214411494,2.7883789096040443,1.4648191501387855,1.452538418979592,1.1991204922527003,1.2303216851277716,1.7612940104751216,0.9159175330871632,2.60362629875041,-0.3761041905595823,-0.4580818016681276,2
1.5915621566560285,2.8980513550032376,0.971562855889162,0.9450651337970822,1.0962674633506797,1.3350633195238684,0.5084110569474953,0.7544765885679916,0.7689658715737455,0.8191041689121383,-0.535087153376712,2
0.39221123740837494,0.884769125304979,1.785667283976472,2.3581210958672605,2.095756330500359,2.0673673827964945,1.9569556118052822,1.8465970772823281,-0.40316267693004887,0.5411308382180404,-0.8275842407346614,2
-0.2324257388471811,1.9708042359844549,0.79456201571559,1.2882190630903243,0.8013706228351999,0.8561375427609441,0.9153854423057192,0.6197628804770853,-0.4105339880150149,0.08959276736843465,0.9959386848222581,2
2.481145994066897,-1.0609269715671383,0.5467675582291646,1.5321293738814383,2.4011870251440923,1.063666909008589,1.6639292569824509,1.27184056646043,-0.6045986161795408,-1.842384462030672,-1.916597467518211,2
-0.3531348179007687,0.5071038669693807,1.5809992344422763,1.57740257751925,1.1919370486286933,1.4869350330061621,1.7353748454442548,1.4449342702132606,-1.2594130667061334,-1.3131677181999373,-0.15461075861990903,2
1.1541067078835783,1.0799557643853184,1.1741484619532725,2.132052288414178,0.6489720950458461,1.8105568639906304,1.5521787362787838,1.7941309394425689,-1.188880153597605,-0.7027549598212041,-0.7740858849820498,2
1.5367215739532767,0.3247972913902255,2.0401829742323843,-0.21987574484152161,-0.8080315695517656,-0.5482025679565019,-0.5728274983122738,-0.5032465007405889,-0.4405078608479934,1.3225043315231224,0.6619475894305167,2
1.995999303718817,1.7183712709894343,1.8898667760845964,2.084515160929966,0.8586027448190521,1.6506211755353726,1.4195423564584586,1.3104962898753367,0.016129415276003874,-0.4610262805808381,-0.4332326566230212,2
1.6297513341419927,3.3684066360644005,1.2462391622808233,-0.47111523438489034,-0.4527490833015607,-1.4816847845010834,-0.59753875732069,-1.3369332038847899,0.3277464699519495,0.5841690733522902,-0.9076175061006004,2
1.0262501149987564,0.5798057529759554,0.30107066275549643,1.0534579126174741,0.6481484261736571,1.1376705519461323,0.7876537253072183,0.5571344977029473,0.03648075561423148,-2.031619568663027,0.21171378417059702,2
0.08886154573225791,0.4445360201024148,1.262652951681262,0.493397304028797,0.750875105954595,0.6779463009752562,0.4176466605544605,0.40544524151680195,0.762149241958686,-0.2800686268808754,1.8165269961401054,2
1.6676284618310477,1.384475391885495,0.5677980559036203,-0.567177090585447,-0.5891466064273486,-1.340623562379778,-0.5893284355345821,-0.7857051894945943,-0.8812384474360504,0.21744041530326128,-0.035824746665955476,2
2.2335178973532965,2.072746005634281,1.1736850259113163,3.3869517995739225,2.3206994460595842,2.5468909764697187,3.2469223014933735,3.137392395812825,-0.10029766744340833,-0.11432216800474763,0.10710503000947168,2
0.6804171886686212,1.8817612541631328,1.5213069208194376,0.30378794842010026,0.12301508900163927,0.0856146210265889,0.20717351840654286,-0.1516576260756506,0.8479587434636998,1.3777362362747443,-0.0022502445041573905,2
-0.11479392608171435,1.2653530773489283,1.5953691454077144,0.9106795972992655,-0.12498244673119929,0.3067215652561305,0.4546964387625063,0.2157969992727461,0.8153160721716332,-0.7017669462667825,0.765955452726233,2
0.43363854684557945,1.5231767261707763,-0.12148915192445586,-0.6150508905847878,-0.3706739555312609,-0.44430901939568734,-0.783598052117639,-0.7177307645657198,-0.7619915238269903,1.0906599360881322,2.2106408773932396,2
2.669519433345504,2.581283318392765,1.0808159990303685,-0.5006694027818388,-1.1455875780392617,-1.1035869204491848,-0.497356737970564,-1.0956873109835732,-0.12208388797139179,-2.1925434908074086,-0.548072933244823,2
1.6967876711724064,-1.0765886324665417,0.1769856730680004,1.6402136593287588,0.993526497332561,1.225421947647766,1.1290184050525487,1.4408369375411705,1.2318751342893033,0.5530767870252449,0.24891359867502955,2
1.0395544131812033,0.2612003119064741,2.047729815963992,0.46518866178144214,-0.5147985804279577,-0.6713330127439585,-0.48510411471634185,-0.8141180357210502,1.008668355954839,0.484453439248422,1.2177251874511363,2
3.3306298640813274,0.1567186139040313,0.49586992924814055,1.4102120156795512,0.8181479746692156,1.8497942656837167,0.6191234589364515,1.1340404121039585,0.9194236766469855,1.5217004527369589,0.35879608390625434,2
1.5687817016432635,2.944449481832954,0.11095902079343012,-0.12795302350566895,-0.5782455825575684,-0.3975489442399023,-1.2601096493040052,-0.5718292301742092,0.9052594014939547,-0.3071270730857854,-0.6014608115590059,2
1.5823694556402752,3.154632184146442,-0.318425814845934,2.9029074622741677,2.1669483408058716,2.383924465327847,2.7084047034182364,2.3337323839690773,1.7067676404189733,0.21620467632268803,0.804880565862379,2
0.05226412648750123,0.909726726872495,0.8127449204779222,0.41903981146851677,-0.8628538735432197,-0.08148314729375083,-0.2700111287034219,-0.6308632170100581,0.12374001441139017,-0.5865156509199643,0.010982892582401323,2
2.145934621086978,1.5749930531541714,-0.441628726308795,1.1265967102776935,0.5114974669162283,0.4557612171763281,0.8333934001667572,0.15978346577969366,1.4359940177677142,0.555240074279424,-1.711473159730459,2
1.8487437362341441,0.7557944459776827,2.6077805502745726,2.0473152860737587,0.9853272802156549,1.0647903778129943,1.9560237860181915,1.7896228338714473,-0.2152444565761547,1.782293792704712,-0.21379686184995605,2
0.7057457968964136,0.6967180502310976,1.8744649441378647,1.0976039924954402,0.32985677370535754,0.3556626612632269,0.5397562328521646,0.49791433517615713,-1.8004786917341806,1.8930488854225436,0.6823925098127926,2
2.09625981567027,1.781432697269537,-0.35226398405147497,0.9091290703740371,0.5567573787609028,0.4947489095308182,0.045996684496249385,0.22563877327861742,-0.0700128588128004,-0.37141773608206863,1.0823519297917354,2
1.8713677732615843,0.29902528165893427,1.5686094449215968,1.9146240539868464,0.8786993529186532,1.1330627318660695,0.9040329450871258,1.1338875718102845,-0.5419834002261925,1.1482564245159883,0.542195285724256,2
-0.09040110206572693,1.779655480876397,0.5267344290259607,0.6113668189331818,0.9461919023161351,0.8149383639603233,0.2257015297920451,0.7883259270617111,0.24468192548734993,0.14551480533559535,-0.17496803671417813,2
0.05069868307281156,2.0471534698157328,1.5749778550100846,0.225348143737937,-0.29671276126719526,-0.030656344124971535,-0.2715770426841926,0.14360167757516729,1.0456401202092658,-0.8653428321018342,-1.6219251268302093,2
0.7193565319404361,2.7845121823543977,0.8926809117635908,0.2254899384866046,-0.3148708060508246,-0.41163263201870737,-0.42668522019091026,0.08157369145771287,0.6144401228924746,0.6312383280671477,0.4802411525117667,2
1.365441007304268,1.6022467810119343,0.7136673992047197,1.628796293610303,1.9632447504460653,2.4546871073782395,1.5088832832065129,1.7823399619385771,0.4077283696180388,-0.32054037833754784,0.7874827043855253,2
1.8044696267332627,0.7998809861686088,0.921695011117124,-0.17620031664343294,-0.7455500539432837,-0.7958211819831533,-0.9963950201649013,-1.1113868597047825,-0.04555812675454088,-0.4871135608151781,-0.3118913122553999,2
2.695975973136674,0.2927472808209002,-1.079446997596157,0.8557156214797451,-0.008230406786233435,0.6073983072411326,0.07399710211790378,1.2821931872381662,2.020639698775832,-1.7349760820454327,0.49978810429579884,2
2.944270328345228,3.882661285940336,0.9280640678840014,0.5486155490356048,0.277126553189992,-0.22344504639618268,0.7537574991318511,0.6442421721909957,-1.6791104276237172,-0.10823333832297323,-0.4336274851541877,2
-0.603504707286852,1.0228493571373896,1.047110383492664,1.2969158707361126,0.33214745969028264,0.735210867995131,0.29226150210069124,1.081464765479386,-2.085028296679878,0.389037590433763,-0.3800380621921959,2
1.1434094923110762,0.219945291411485,1.9128944758098108,1.8091947318531727,1.4218569678026234,0.47788502877484584,0.7746449487995949,1.2527621388775056,-2.099206342561244,0.8395680907742521,1.435006177988935,2
1.8578407086194195,-0.16107228648597327,2.032530065028221,2.212883691723156,2.2270520312339612,1.3746532635251034,1.9185664654867733,2.1587639613043246,1.490124342296572,0.35895644065147114,0.04605813857711549,2
3.386018315279224,1.505293665770393,0.9960081712648272,-0.6583355655822452,-0.8439667106638861,-0.7238153826626652,-0.884897362739201,-1.4901402658682725,1.328156620895797,1.6823835853400984,1.133568702875625,2
1.1913301189258119,1.9485901003018946,-0.39733827217388495,0.6743018899262714,0.21618336824936402,0.24764312747799538,0.10096966785569739,0.0648566649325446,-0.9415376022298011,0.2013448532149219,0.4395161442914286,2
1.4977240363106354,0.9428693838705231,3.1811583462893784,0.9602937176530221,0.8091066336355326,0.6039490884194186,0.5539217286093527,0.6642616385566952,-1.8096169689172292,0.4693606596207741,2.272991825979389,2
1.1591605995283754,3.001220944452853,0.22959263555132603,-0.9209159258951816,-0.8689087453646488,-0.9653506150965914,-0.931190109339238,-0.6382728852319555,0.6399361658007914,1.4734130814417563,0.18291473012870507,2
1.9205925001361255,1.652733597124562,0.4642860854685509,-0.9528155300482481,-1.9659274173176318,-1.394775763668558,-1.449102466849498,-1.4220558716792189,-0.07321832398382148,0.3812713900809755,-0.8158266479844326,2
1.5107294479702738,2.5458521701649337,1.0095416290467325,0.5378729248275544,0.5256514819540739,0.7444789017242304,0.6970513166870562,0.4370293887898705,-0.9637751872343886,1.2663045571693656,1.3723423428665182,2
-0.35862931583643,1.3157705068558874,0.43091023854082067,-1.107689387614403,-0.9096373626672408,-0.603894125519165,-0.6682561237011589,-1.190642944813559,-0.9911063155873504,0.9679988045538644,-0.08695997560602091,2
0.9909923946694509,1.2517455636482122,-0.37231888268218394,1.673794393667758,1.6334919545239277,2.0476942121952515,1.342737782595146,1.468986618532582,0.33980857449043056,0.4602186394350634,0.9943504681243184,2
-0.2823250059873448,1.8154001688588586,0.8106146371636529,1.7472720511434552,1.3495501127342426,0.9206666324872578,1.382027524347523,1.4370889460564245,0.08271820186318887,1.410161995301936,0.30941283975992473,2
-1.2314110084872338,2.1181773699414683,1.6057030886075732,1.087962896331002,0.826862254139208,0.6903861157435657,1.3147380677339968,0.555579227074366,0.6241842724695326,-0.8332625915372465,2.158659010704834,2
0.6194585092968493,0.016503122275091764,2.1691412296476704,0.41267923723622113,0.1281805845746321,0.4762920942127349,-0.277402535767751,-0.3624080790822193,0.4698249232049664,0.7129974253450992,-1.6081858112115415,2
1.6826839558937627,3.715935616017407,1.7535219320582707,-1.0377285077347178,-1.1677233419486206,-1.5913123706728054,-1.4202053040349556,-1.1161339307743652,-0.822702023079101,1.2378836879187305,0.2868911182926047,2
1.7210364745953481,1.1664054032247682,2.150109200534124,0.3584572792171534,0.175405844486133,0.02064815216088689,0.3625318978703034,0.3102520620926209,-1.913779734828926,1.038289928983819,-0.5437828043527234,2
1.958418534581487,2.5850583418985282,0.8120104146960485,0.30806630382539,-0.04427312479840573,0.4083103237886521,0.2990042714109101,-0.3366896012440125,1.411316985876712,-0.08783567860369966,0.20470668602052994,2
0.897925860389371,0.8542301624213531,2.1241350545123225,1.6556180611713827,0.7692662421563081,1.5735505620909236,1.5974588475688138,1.3830349439815106,1.1789545785916484,-0.8974929708546623,-0.9928468078339396,2
2.8317077736300655,0.8744928401840326,0.9085596055402421,1.1572328434361934,0.7023753078272844,1.0240200656889487,0.7320699949960368,0.8822142732323752,-0.19649842039810733,0.8271727996212221,-1.3308772526134907,2
1.6474105572031323,1.0875718333204318,2.285386986473223,1.8719343665194512,1.1918359316938076,1.0973891171790013,0.8433190192832429,0.761635142301122,-1.6680345998890966,0.8237209270437923,-0.6029783125670037,2
-0.9184439572857135,0.5066282864164386,0.5509169993718874,-0.8283953114415024,-0.6754499898257212,-0.1352536641288511,-0.06875260143374406,-1.0691161376409104,-0.3922260129202831,-1.8568104019401659,-0.6789793143519821,2
-0.9870226790528116,0.3696948889645292,0.4181772174874071,1.7248546715562,1.9242317877601018,1.4358289424857205,1.6112874855385146,0.8404889438874388,-0.007567296631150636,0.9303778576228922,-0.7712301662346388,2
1.1322286788145028,2.446299224993597,1.088272682142631,1.2667361679766416,0.4284484098075328,0.7622964828865348,0.16235735742073332,0.7483269193801397,1.6573761202324966,-0.6845560241798007,-0.6830918015851747,2
0.30251961306217945,1.2763787921198042,2.3825069547746827,2.02451267542669,1.232662017431858,0.9891008563566093,0.52110122227607,0.9853546865253071,1.5373575518978022,0.21146015236391716,-0.5520247290115766,2
0.3573745172184284,0.4227584494118847,1.8918822926075567,0.4184060657183949,-0.5475274319118509,-0.004577981327599345,-0.2665728182074437,-0.5570052924942672,-0.15513313118059344,1.3530735775420593,1.4662028196256818,2
1.1117972176025328,1.9808180240428075,1.3196865415380366,0.4454275943595529,0.6198364539497553,0.6187350163105518,0.43399181413572174,0.6531402525098382,-0.816793179270256,-0.042433810079108215,0.09015682766757308,2
2.0349969814229003,0.2982552192926924,1.3212486825450658,-0.16091195638673894,-0.3787301642308344,-0.3163877430123103,-0.5059721109778416,-0.25809768156110224,-0.9862401105165975,-0.05568505264999431,0.005322860451700487,2
1.1226433189701766,0.11744240922920257,-0.23014461453535517,0.21956654535554876,0.17181638200313648,0.27991997697945564,-0.9046814735158933,0.28258891061054053,1.1402094789367356,1.207425028311201,-0.32920939835900803,2
2.019082368607995,0.9823809511153552,0.3110530516860037,-2.047632565352754,-2.3594180567529697,-1.8112563561838686,-2.1741071116356734,-2.6387111444227784,-0.21395314386081168,0.6642923020556356,-0.5851884489270115,2
